fighter_id,fighter_name,fighter_stance,height_cms,reach_cms,weight_lbs
1,Royce Gracie,Southpaw,185.42,,175
2,Jason DeLucia,Southpaw,180.34,,190
3,Gerard Gordeau,Orthodox,195.58,,216
4,Ken Shamrock,Orthodox,185.42,182.88,205
5,Kevin Rosier,Orthodox,193.04,,275
6,Trent Jenkins,,187.96,,185
7,Patrick Smith,Orthodox,187.96,,225
8,Art Jimmerson,Orthodox,185.42,,196
9,Zane Frazier,Orthodox,195.58,,250
10,Teila Tuli,Orthodox,182.88,,430
11,Remco Pardoel,Southpaw,190.5,,260
12,Johnny Rhodes,Orthodox,182.88,,210
13,Orlando Wiet,Southpaw,177.8,,170
14,Frank Hamaker,,,,
15,Scott Morris,Orthodox,177.8,,210
16,Fred Ettish,Southpaw,182.88,,180
17,Minoki Ichihara,Orthodox,170.18,,178
18,Scott Baker,,182.88,,210
19,Alberta Cerra Leon,,172.72,,238
20,Robert Lucarelli,,187.96,,245
21,Thaddeus Luster,,190.5,,210
22,David Levicki,,195.58,,275
23,Ray Wizard,,,,
24,Sean Daugherty,,182.88,,175
25,Steve Jennum,Orthodox,177.8,,215
26,Harold Howard,Orthodox,187.96,,240
27,Keith Hackney,Sideways,180.34,,200
28,Felix Lee Mitchell,Orthodox,,,
29,Kimo Leopoldo,Orthodox,190.5,,235
30,Roland Payne,Orthodox,175.26,,205
31,Christophe Leninger,Southpaw,182.88,,200
32,Emmanuel Yarborough,Open Stance,203.2,,770
33,Dan Severn,Southpaw,187.96,,250
34,Guy Mezger,Orthodox,185.42,,200
35,Marcus Bossett,Orthodox,185.42,,215
36,Anthony Macias,Switch,175.26,,185
37,Melton Bowen,Orthodox,182.88,,225
38,Joe Son,Orthodox,162.56,,236
39,Ron van Clief,Orthodox,177.8,,190
40,Jason Fairn,,185.42,,230
41,Dave Beneteau,Orthodox,187.96,,250
42,Oleg Taktarov,Orthodox,182.88,,210
43,Todd Medina,Southpaw,177.8,,193
44,Jon Hess,,200.66,,295
45,Joe Charles,Southpaw,185.42,,260
46,Ernie Verdicia,Orthodox,180.34,,199
47,Larry Cureton,Orthodox,187.96,,240
48,Andy Anderson,,167.64,,240
49,Asbel Cancio,,177.8,,225
50,David Abbott,Switch,182.88,,265
51,Paul Varelans,Orthodox,203.2,,300
52,Rudyard Moncayo,Orthodox,177.8,,195
53,Cal Worsham,Orthodox,180.34,,230
54,John Matua,Orthodox,187.96,,400
55,Marco Ruas,Orthodox,185.42,,210
56,Mark Hall,Orthodox,182.88,,190
57,Scott Bessac,,193.04,,245
58,Ryan Parker,Southpaw,190.5,,235
59,Gerry Harris,Orthodox,203.2,,270
60,David Hood,,182.88,,200
61,Don Frye,Orthodox,185.42,,219
62,Gary Goodridge,Orthodox,190.5,,249
63,Jerry Bohlander,Orthodox,180.34,,199
64,Sam Adkins,Orthodox,190.5,,225
65,Paul Herrera,Orthodox,177.8,,185
66,Scott Ferrozzo,Orthodox,180.34,,323
67,Joe Moreira,Southpaw,180.34,,195
68,Thomas Ramirez,Sideways,185.42,,410
69,Mark Schultz,Orthodox,175.26,,200
70,Rafael Carino,Orthodox,203.2,,245
71,Steve Nelmark,Orthodox,182.88,,240
72,Amaury Bitetti,Orthodox,175.26,,185
73,Koji Kitao,Southpaw,200.66,,350
74,Matt Andersen,Southpaw,187.96,,230
75,Tai Bowden,,180.34,,230
76,Mark Coleman,Orthodox,185.42,190.5,205
77,Brian Johnston,Orthodox,190.5,,230
78,Geza Kalman,,185.42,,200
79,John Campetella,Orthodox,175.26,,235
80,Moti Horenstein,Orthodox,193.04,,230
81,Scott Fiedler,Orthodox,193.04,,235
82,Dieusel Berto,,175.26,,200
83,Fabio Gurgel,Orthodox,182.88,,205
84,Reza Nasri,Orthodox,180.34,,205
85,Julian Sanchez,Orthodox,190.5,,300
86,Vitor Belfort,Southpaw,182.88,187.96,185
87,Yoshiki Takahashi,Southpaw,180.34,,199
88,Nick Sanzo,,175.26,,190
89,Tra Telligman,Orthodox,187.96,,233
90,Jim Mullen,Southpaw,185.42,,215
91,Wallid Ismail,Orthodox,170.18,,205
92,Rainy Martinez,Orthodox,182.88,,199
93,Randy Couture,Orthodox,185.42,190.5,205
94,Steven Graham,Orthodox,185.42,,290
95,Enson Inoue,Orthodox,177.8,,210
96,Jack Nilson,,,,
97,Tito Ortiz,Orthodox,190.5,187.96,205
98,Tony Halme,Orthodox,190.5,,300
99,Dmitri Stepanov,Orthodox,190.5,,217
100,Royce Alger,Orthodox,177.8,,199
101,Saeed Hosseini,,,,
102,Wes Albritton,Orthodox,177.8,,188
103,Maurice Smith,Orthodox,187.96,,221
104,Mark Kerr,Switch,190.5,,266
105,Kevin Jackson,Switch,177.8,,199
106,Dan Bobish,Southpaw,187.96,,345
107,Alex Hunter,Orthodox,175.26,,226
108,Tony Fryklund,Orthodox,182.88,,185
109,Todd Butler,Southpaw,185.42,,200
110,Yuri Vaulin,Southpaw,193.04,,197
111,Sam Fulton,,,,
112,Donnie Chappell,Southpaw,180.34,,178
113,Dwayne Cason,Orthodox,177.8,,212
114,Carlos Barreto,Orthodox,193.04,,230
115,Greg Stott,Southpaw,170.18,,220
116,Houston Dorr,Orthodox,185.42,,210
117,Harry Moskowitz,Orthodox,195.58,,275
118,Kazushi Sakuraba,Southpaw,182.88,,185
119,Frank Shamrock,Orthodox,177.8,,185
120,Marcus Silveira,Orthodox,190.5,,242
121,Yoji Anjo,Orthodox,180.34,,205
122,Brad Kohler,Orthodox,175.26,,220
123,Tsuyoshi Kohsaka,Orthodox,180.34,,225
124,Pat Miletich,Orthodox,177.8,,170
125,Mikey Burnett,Orthodox,167.64,,170
126,Igor Zinoviev,Orthodox,185.42,,199
127,Chris Brennan,Orthodox,172.72,,170
128,Townsend Saunders,Orthodox,165.1,,170
129,Eugenio Tadeu,Orthodox,172.72,,160
130,Pete Williams,Orthodox,190.5,,235
131,Dan Henderson,Orthodox,180.34,187.96,185
132,Mike van Arsdale,Switch,187.96,,205
133,Carlos Newton,Orthodox,175.26,,170
134,Chuck Liddell,Orthodox,187.96,193.04,205
135,Jeremy Horn,Orthodox,185.42,187.96,185
136,Hugo Duarte,Orthodox,182.88,,240
137,Joe Pardo,Southpaw,185.42,,210
138,Bob Gilstrap,Orthodox,190.5,,200
139,Allan Goes,Orthodox,182.88,,205
140,Noe Hernandez,Orthodox,,,
141,Pedro Rizzo,Orthodox,185.42,,241
142,Ebenezer Fontes Braga,Orthodox,182.88,,199
143,John Lober,Orthodox,180.34,,199
144,Wanderlei Silva,Orthodox,180.34,187.96,205
145,Bas Rutten,Orthodox,185.42,,205
146,Evan Tanner,Orthodox,182.88,187.96,185
147,Laverne Clark,Orthodox,180.34,,170
148,Jorge Patino,Orthodox,172.72,,170
149,Darrel Gholar,Orthodox,172.72,,194
150,Frank Caracci,,,,
151,Kevin Randleman,Orthodox,177.8,,205
152,Sione Latu,,182.88,,215
153,Andre Roberts,Orthodox,187.96,,345
154,Valeri Ignatov,Orthodox,175.26,,170
155,Jason Godsey,Orthodox,187.96,,230
156,Joey Roberts,,187.96,,200
157,Marcelo Mello,Southpaw,170.18,,170
158,Ron Waterman,Orthodox,187.96,,280
159,Travis Fulton,Orthodox,182.88,,240
160,Tony Petarra,Orthodox,180.34,,196
161,David Roberts,Orthodox,185.42,,170
162,Fabiano Iha,Orthodox,172.72,,155
163,Chris Condo,Orthodox,182.88,,335
164,Paul Jones,Orthodox,175.26,,199
165,Eugene Jackson,Orthodox,172.72,,185
166,Andre Pederneiras,Orthodox,172.72,,155
167,Daiju Takase,Southpaw,182.88,,170
168,Flavio Luiz Moura,Open Stance,180.34,,183
169,Tim Lajcik,Orthodox,185.42,,225
170,Matt Hughes,Switch,175.26,185.42,170
171,John Lewis,Southpaw,182.88,,155
172,Jens Pulver,Southpaw,170.18,177.8,145
173,Steve Judson,Orthodox,180.34,,230
174,Lowell Anderson,Orthodox,167.64,,160
175,Alfonso Alcarez,,160.02,,145
176,Kenichi Yamamoto,Orthodox,182.88,,170
177,Joe Slick,Orthodox,182.88,,199
178,Katsuhisa Fujii,Orthodox,182.88,,205
179,Keiichiro Yamamiya,Southpaw,180.34,,185
180,Masutatsu Yano,Orthodox,175.26,,198
181,Tedd Williams,Orthodox,185.42,,275
182,Lance Gibson,Orthodox,175.26,,185
183,Dave Menne,Orthodox,177.8,,170
184,Bob Cook,Orthodox,175.26,,170
185,Scott Adams,Southpaw,182.88,,225
186,Shonie Carter,Southpaw,177.8,,170
187,Jermaine Andre,Orthodox,170.18,,200
188,Tiki Ghosn,Orthodox,177.8,,170
189,David Velasquez,Orthodox,165.1,,145
190,Ian Freeman,Orthodox,180.34,,225
191,Brad Gumm,Orthodox,180.34,,170
192,Murilo Bustamante,Orthodox,187.96,,183
193,Sanae Kikuta,Orthodox,175.26,,200
194,Ikuhisa Minowa,Orthodox,175.26,,181
195,Satoshi Honma,Orthodox,185.42,,205
196,Koji Oishi,Orthodox,172.72,,170
197,Tyrone Roberts,Orthodox,175.26,,185
198,David Dodd,Orthodox,187.96,,200
199,John Alessio,Orthodox,177.8,182.88,155
200,Alex Andrade,Orthodox,180.34,,200
201,Marcelo Aguiar,Orthodox,177.8,,170
202,Joao Roque,Orthodox,167.64,,155
203,Yuki Kondo,Southpaw,180.34,,183
204,Jeff Monson,Orthodox,175.26,187.96,247
205,Bobby Hoffman,Orthodox,187.96,,245
206,Alexandre Dantas,Orthodox,187.96,,238
207,CJ Fernandes,,187.96,,170
208,Renato Sobral,Orthodox,185.42,190.5,205
209,Josh Barnett,Orthodox,190.5,198.12,250
210,Andrei Arlovski,Orthodox,190.5,195.58,240
211,Mark Hughes,Southpaw,175.26,,205
212,Ben Earwood,Orthodox,172.72,,170
213,Gan McGee,Orthodox,208.28,,265
214,Aaron Brink,Orthodox,190.5,,205
215,Alex Stiebling,Southpaw,187.96,,205
216,Chris Lytle,Orthodox,180.34,172.72,170
217,Matt Lindland,Southpaw,182.88,187.96,185
218,Dennis Hallman,Orthodox,175.26,182.88,155
219,Elvis Sinosic,Orthodox,190.5,195.58,205
220,Phil Baroni,Orthodox,175.26,182.88,170
221,Sean Sherk,Orthodox,167.64,170.18,155
222,Caol Uno,Southpaw,170.18,177.8,155
223,Phil Johns,Southpaw,157.48,,170
224,Mark Robinson,Orthodox,182.88,,265
225,Curtis Stout,Southpaw,185.42,,185
226,Semmy Schilt,Orthodox,208.28,,265
227,BJ Penn,Orthodox,175.26,177.8,155
228,Tony DeSouza,Southpaw,182.88,177.8,170
229,Matt Serra,Orthodox,167.64,172.72,170
230,Ricardo Almeida,Orthodox,182.88,187.96,170
231,Joey Gilbert,Orthodox,180.34,,155
232,Steve Berger,Orthodox,180.34,,170
233,Vladimir Matyushenko,Orthodox,182.88,187.96,205
234,Ricco Rodriguez,Orthodox,193.04,,265
235,Din Thomas,Orthodox,175.26,,155
236,Paul Rodriguez,Orthodox,170.18,,155
237,Jutaro Nakao,Southpaw,175.26,,170
238,Yves Edwards,Southpaw,175.26,185.42,155
239,Gil Castillo,Southpaw,175.26,,170
240,Frank Mir,Southpaw,190.5,200.66,264
241,Homer Moore,Orthodox,177.8,,205
242,Roberto Traven,Orthodox,190.5,,227
243,Andrei Semenov,Orthodox,182.88,,185
244,Amar Suloev,Orthodox,175.26,,183
245,Keith Rockel,Orthodox,182.88,,185
246,Hayato Sakurai,Orthodox,170.18,,168
247,Kelly Dullanty,Orthodox,172.72,,155
248,Ivan Salaverry,Orthodox,182.88,,185
249,Benji Radach,Orthodox,177.8,,185
250,Robbie Lawler,Southpaw,180.34,187.96,170
251,Paul Creighton,Southpaw,167.64,,155
252,Aaron Riley,Southpaw,172.72,175.26,155
253,Pete Spratt,Orthodox,175.26,,170
254,Nick Serra,Orthodox,175.26,,170
255,Zach Light,Orthodox,172.72,,170
256,Rodrigo Ruas,Orthodox,177.8,,185
257,Joao Pierini,Switch,185.42,,155
258,Mark Weir,Southpaw,187.96,,185
259,Genki Sudo,Orthodox,175.26,,155
260,Phillip Miller,Orthodox,180.34,,185
261,Leigh Remedios,Orthodox,170.18,,155
262,James Zikic,Orthodox,187.96,,205
263,Chris Haseman,Orthodox,180.34,,205
264,Tim Sylvia,Orthodox,203.2,203.2,265
265,Wesley Correira,Orthodox,190.5,,260
266,Travis Wiuff,Orthodox,190.5,,205
267,Rich Clementi,Southpaw,175.26,182.88,155
268,Dave Strasser,Orthodox,177.8,,170
269,Rich Franklin,Southpaw,185.42,190.5,185
270,Duane Ludwig,Orthodox,177.8,177.8,170
271,Hermes Franca,Orthodox,167.64,180.34,155
272,David Loiseau,Orthodox,182.88,193.04,185
273,Romie Aram,Orthodox,177.8,,170
274,Sean Alvarez,Orthodox,182.88,,235
275,Richard Crunkilton,Orthodox,170.18,,155
276,Vernon White,Southpaw,182.88,,205
277,Falaniko Vitale,Orthodox,177.8,,185
278,Marvin Eastman,Orthodox,175.26,185.42,185
279,Wes Sims,Orthodox,208.28,,260
280,Eddie Ruiz,Orthodox,170.18,,155
281,Jorge Rivera,Orthodox,185.42,185.42,185
282,Karo Parisyan,Orthodox,177.8,182.88,170
283,Josh Thomson,Orthodox,177.8,180.34,155
284,Nick Diaz,Southpaw,185.42,193.04,185
285,Edwin DeWees,Orthodox,185.42,,185
286,Gerald Strebendt,Orthodox,175.26,,155
287,Jeremy Jackson,Orthodox,177.8,,170
288,Frank Trigg,Southpaw,175.26,180.34,170
289,Chris Liguori,Orthodox,175.26,,185
290,Nick Agallar,Orthodox,172.72,,155
291,Renato Verissimo,Orthodox,185.42,,170
292,Lee Murray,Orthodox,190.5,,185
293,Georges St-Pierre,Orthodox,180.34,193.04,185
294,Jeff Curran,Orthodox,167.64,175.26,135
295,Mike Kyle,Orthodox,193.04,195.58,205
296,Jonathan Wiezorek,Southpaw,190.5,,250
297,Wade Shipp,Orthodox,190.5,,245
298,Mike Brown,Orthodox,167.64,177.8,145
299,Trevor Prangley,Orthodox,185.42,190.5,185
300,Ivan Menjivar,Orthodox,167.64,162.56,145
301,Jay Hieron,Orthodox,182.88,190.5,170
302,Joe Riggs,Southpaw,182.88,177.8,185
303,David Terrell,Southpaw,185.42,,185
304,Justin Eilers,Orthodox,185.42,,235
305,Joe Doerksen,Orthodox,182.88,190.5,185
306,Ronald Jhun,Orthodox,180.34,,170
307,Travis Lutter,Orthodox,180.34,190.5,185
308,Patrick Cote,Orthodox,180.34,180.34,170
309,Pete Sell,Orthodox,180.34,190.5,170
310,Paul Buentello,Orthodox,187.96,195.58,245
311,James Irvin,Orthodox,187.96,190.5,205
312,Gideon Ray,Southpaw,177.8,,185
313,Drew Fickett,Orthodox,177.8,177.8,155
314,Forrest Griffin,Orthodox,190.5,195.58,205
315,Diego Sanchez,Southpaw,177.8,182.88,170
316,Sam Hoger,Orthodox,187.96,,205
317,Chris Leben,Southpaw,180.34,187.96,185
318,Josh Koscheck,Orthodox,177.8,185.42,170
319,Nate Quarry,Open Stance,182.88,182.88,185
320,Mike Swick,Orthodox,185.42,195.58,170
321,Alex Karalexis,Orthodox,172.72,167.64,155
322,Stephan Bonnar,Orthodox,193.04,198.12,205
323,Kenny Florian,Southpaw,177.8,187.96,145
324,Bobby Southworth,Orthodox,187.96,,205
325,Jason Thacker,Orthodox,177.8,,185
326,Chris Sanford,Orthodox,180.34,,185
327,Lodune Sincaid,Orthodox,175.26,,185
328,Alex Schoenauer,Orthodox,190.5,,185
329,Josh Rafferty,Orthodox,182.88,,170
330,Jason Miller,Orthodox,185.42,182.88,185
331,John Marsh,Orthodox,182.88,,265
332,Bill Mahood,Orthodox,190.5,,200
333,Kevin Jordan,Orthodox,190.5,,245
334,Charles McCarthy,Orthodox,177.8,180.34,185
335,Nate Marquardt,Orthodox,182.88,187.96,185
336,Josh Neer,Orthodox,180.34,182.88,170
337,Brian Gassaway,Orthodox,185.42,,170
338,Terry Martin,Orthodox,172.72,180.34,185
339,Brandon Vera,Orthodox,190.5,193.04,230
340,Spencer Fisher,Southpaw,170.18,177.8,155
341,Jon Fitch,Orthodox,182.88,193.04,170
342,Jonathan Goulet,Orthodox,182.88,185.42,170
343,Fabiano Scherner,Orthodox,190.5,,257
344,Thiago Alves,Orthodox,175.26,177.8,170
345,Brock Larson,Southpaw,180.34,180.34,170
346,Branden Lee Hinkle,Orthodox,190.5,,235
347,Marcio Cruz,Orthodox,193.04,,232
348,Alessio Sakara,Orthodox,182.88,182.88,185
349,Sean Gannon,Southpaw,190.5,,265
350,Chael Sonnen,Southpaw,185.42,187.96,205
351,Keigo Kunihara,Orthodox,182.88,,235
352,Ron Faircloth,Orthodox,175.26,,205
353,Rashad Evans,Orthodox,182.88,190.5,205
354,Joe Stevenson,Orthodox,170.18,177.8,145
355,Joshua Burkman,Orthodox,177.8,182.88,170
356,Melvin Guillard,Orthodox,175.26,172.72,155
357,Keith Jardine,Orthodox,187.96,193.04,185
358,Brad Imes,Orthodox,200.66,,265
359,Luke Cummo,Orthodox,182.88,187.96,170
360,Kit Cope,Orthodox,182.88,,170
361,Sammy Morgan,Orthodox,177.8,,170
362,Marcus Davis,Southpaw,177.8,177.8,170
363,Kerry Schall,Orthodox,187.96,,265
364,Gabriel Gonzaga,Orthodox,187.96,193.04,242
365,Nick Thompson,Orthodox,185.42,187.96,170
366,Jeff Newton,Sideways,187.96,,205
367,Ansar Chalangov,Orthodox,175.26,,170
368,Keith Wisniewski,Orthodox,182.88,190.5,170
369,Jason Von Flue,Orthodox,182.88,,170
370,Assuerio Silva,Orthodox,177.8,,241
371,Gilbert Aldana,Orthodox,185.42,,250
372,Mike Whitehead,Orthodox,185.42,,205
373,Mark Hominick,Orthodox,172.72,172.72,145
374,Sam Stout,Orthodox,175.26,177.8,155
375,Jason Lambert,Orthodox,190.5,190.5,185
376,Tom Murphy,Southpaw,187.96,,227
377,Steve Vigneault,Orthodox,177.8,,185
378,Rob MacDonald,Orthodox,190.5,198.12,205
379,Icho Larenas,Orthodox,190.5,,235
380,Dan Christison,Orthodox,203.2,,265
381,Luigi Fioravanti,Orthodox,172.72,177.8,170
382,Justin Levens,Orthodox,180.34,,185
383,Scott Smith,Orthodox,182.88,177.8,185
384,Derrick Noble,Southpaw,175.26,,170
385,Dean Lister,Orthodox,185.42,190.5,185
386,Matt Wiman,Orthodox,177.8,172.72,155
387,Rick Davis,Orthodox,175.26,,155
388,Michael Bisping,Orthodox,185.42,190.5,185
389,Kendall Grove,Orthodox,198.12,200.66,185
390,Rory Singer,Orthodox,187.96,195.58,185
391,Kalib Starnes,Orthodox,190.5,187.96,185
392,Matt Hamill,Orthodox,185.42,193.04,205
393,Mike Nickels,Orthodox,193.04,,205
394,Josh Haynes,Orthodox,175.26,,170
395,Ed Herman,Orthodox,185.42,195.58,205
396,Wilson Gouveia,Orthodox,185.42,193.04,185
397,Ross Pointon,Orthodox,172.72,,170
398,Danny Abbadi,Orthodox,180.34,,155
399,Solomon Hutcherson,Southpaw,180.34,,185
400,Jesse Forbes,Southpaw,187.96,190.5,185
401,Wes Combs,Orthodox,187.96,,205
402,Anderson Silva,Southpaw,187.96,195.58,185
403,Jorge Santiago,Orthodox,185.42,187.96,170
404,Jorge Gurgel,Orthodox,170.18,175.26,155
405,Kristian Rothaermel,Open Stance,182.88,,205
406,Cheick Kongo,Orthodox,193.04,208.28,240
407,Joe Jordan,Orthodox,167.64,,155
408,Anthony Perosh,Orthodox,190.5,190.5,205
409,Kurt Pellegrino,Orthodox,172.72,177.8,155
410,Martin Kampmann,Orthodox,182.88,182.88,170
411,Jake O'Brien,Orthodox,190.5,193.04,205
412,Forrest Petz,Orthodox,175.26,180.34,170
413,Anthony Torres,Orthodox,172.72,,170
414,Yuki Sasaki,Orthodox,187.96,,185
415,Crafton Wallace,Orthodox,182.88,,185
416,Kristof Midoux,Orthodox,185.42,,220
417,Pat Healy,Orthodox,182.88,187.96,155
418,Eric Schafer,Orthodox,190.5,190.5,185
419,David Heath,Orthodox,180.34,182.88,205
420,Yushin Okami,Southpaw,187.96,190.5,170
421,Christian Wellisch,Orthodox,187.96,195.58,234
422,Jamie Varner,Orthodox,172.72,182.88,155
423,Cory Walmsley,Orthodox,182.88,,205
424,Alan Belcher,Orthodox,187.96,185.42,185
425,Joe Lauzon,Orthodox,177.8,180.34,155
426,Roger Huerta,Orthodox,175.26,177.8,155
427,Eddie Sanchez,Orthodox,187.96,187.96,230
428,Tyson Griffin,Orthodox,167.64,172.72,145
429,Gabe Ruediger,Orthodox,177.8,,155
430,Jason Dent,Orthodox,177.8,180.34,155
431,Mario Neto,Orthodox,182.88,,229
432,David Lee,Orthodox,177.8,,155
433,Jason MacDonald,Orthodox,190.5,203.2,185
434,Chris Price,Southpaw,187.96,,185
435,Seth Petruzelli,Orthodox,182.88,193.04,205
436,Dustin Hazelett,Orthodox,185.42,193.04,170
437,Carmelo Marrero,Orthodox,182.88,185.42,205
438,Clay Guida,Orthodox,170.18,177.8,155
439,Kuniyoshi Hironaka,Orthodox,177.8,177.8,168
440,Dan Lauzon,Orthodox,177.8,,155
441,Justin James,Orthodox,177.8,,155
442,Junior Assuncao,Orthodox,175.26,182.88,145
443,Thales Leites,Orthodox,185.42,198.12,185
444,Drew McFedries,Southpaw,182.88,182.88,185
445,Antoni Hardonk,Orthodox,193.04,198.12,245
446,Dokonjonosuke Mishima,Southpaw,170.18,,155
447,Gleison Tibau,Southpaw,177.8,180.34,155
448,Sherman Pendergarst,Orthodox,185.42,,235
449,Hector Ramirez,Orthodox,182.88,,205
450,Josh Shockman,Southpaw,193.04,,235
451,Logan Clark,Orthodox,187.96,,185
452,Jeff Joslin,Orthodox,182.88,,170
453,Victor Valimaki,Orthodox,182.88,,205
454,Keita Nakamura,Southpaw,180.34,185.42,170
455,Steve Byrnes,Orthodox,182.88,,170
456,Sean Salmon,Southpaw,177.8,,185
457,Heath Herring,Orthodox,193.04,198.12,250
458,Chad Reiner,Orthodox,180.34,,170
459,Mirko Cro Cop,Southpaw,187.96,185.42,230
460,Rampage Jackson,Orthodox,185.42,185.42,205
461,Frankie Edgar,Orthodox,167.64,172.72,145
462,Lyoto Machida,Southpaw,185.42,187.96,185
463,John Halverson,Southpaw,175.26,,155
464,Diego Saraiva,Orthodox,167.64,,155
465,Rex Holman,Southpaw,190.5,,205
466,Jason Gilliam,Orthodox,182.88,,170
467,Justin McCully,Orthodox,185.42,185.42,225
468,Roan Carneiro,Orthodox,180.34,187.96,170
469,Thiago Tavares,Orthodox,170.18,172.72,145
470,Nate Mohr,Orthodox,175.26,182.88,155
471,Naoyuki Kotani,Southpaw,172.72,167.64,155
472,Leonard Garcia,Orthodox,177.8,175.26,145
473,Terry Etim,Orthodox,185.42,185.42,155
474,Jess Liaudin,Orthodox,175.26,182.88,170
475,Paul Taylor,Orthodox,182.88,182.88,155
476,Fabricio Werdum,Orthodox,193.04,195.58,231
477,Matt Grice,Orthodox,172.72,177.8,145
478,Dennis Siver,Orthodox,167.64,177.8,145
479,Edilberto de Oliveira,Orthodox,182.88,,170
480,Houston Alexander,Orthodox,182.88,182.88,205
481,Thiago Silva,Orthodox,187.96,187.96,205
482,Jeremy Stephens,Orthodox,172.72,180.34,145
483,Tamdan McCrory,Switch,193.04,198.12,185
484,Anthony Johnson,Orthodox,187.96,198.12,205
485,Jordan Radev,Southpaw,170.18,,185
486,Jason Black,Orthodox,172.72,,155
487,Jeff Cox,Orthodox,177.8,,155
488,Luke Caudillo,Orthodox,170.18,,155
489,Jason Tan,Orthodox,177.8,,170
490,Colin Robinson,Orthodox,193.04,,243
491,Stevie Lynch,Orthodox,177.8,,170
492,Nate Diaz,Southpaw,182.88,193.04,170
493,Cole Miller,Orthodox,185.42,187.96,145
494,Gray Maynard,Orthodox,175.26,177.8,155
495,Manvel Gamburyan,Orthodox,165.1,170.18,135
496,Floyd Sword,Orthodox,182.88,,185
497,Doug Evans,Orthodox,175.26,,155
498,Brandon Melendez,Southpaw,180.34,,155
499,Andy Wang,Orthodox,167.64,,155
500,Rob Emerson,Orthodox,175.26,177.8,155
501,Allen Berube,Orthodox,172.72,,155
502,Brian Geraghty,Orthodox,170.18,,155
503,Minotauro Nogueira,Orthodox,190.5,195.58,240
504,Alvin Robinson,Southpaw,175.26,172.72,155
505,Mark Bocek,Orthodox,172.72,190.5,155
506,Alberto Crane,Orthodox,165.1,,155
507,Ryan Jensen,Orthodox,185.42,193.04,185
508,Marcus Aurelio,Orthodox,177.8,187.96,155
509,Tomasz Drwal,Orthodox,185.42,193.04,205
510,Joe Veres,Orthodox,170.18,,155
511,Mauricio Rua,Orthodox,185.42,193.04,205
512,Kazuhiro Nakamura,Orthodox,180.34,177.8,205
513,Scott Junk,Orthodox,185.42,,265
514,Michihiro Omigawa,Orthodox,167.64,172.72,145
515,Demian Maia,Southpaw,185.42,182.88,170
516,Akihiro Gono,Switch,170.18,172.72,170
517,Ryo Chonan,Orthodox,175.26,177.8,170
518,Jason Reinhardt,Orthodox,167.64,,135
519,Mac Danzig,Orthodox,172.72,177.8,155
520,Jon Koppenhaver,Orthodox,180.34,,170
521,George Sotiropoulos,Orthodox,177.8,180.34,155
522,Ben Saunders,Orthodox,187.96,195.58,170
523,Troy Mandaloniz,Orthodox,175.26,,170
524,Matt Arroyo,Orthodox,177.8,182.88,170
525,Roman Mitichyan,Orthodox,177.8,,170
526,Tommy Speer,Orthodox,177.8,180.34,170
527,Jared Rollins,Orthodox,175.26,,170
528,Billy Miles,Orthodox,177.8,,170
529,Dan Barrera,Orthodox,175.26,,170
530,Richie Hightower,Orthodox,172.72,,170
531,John Kolosci,Orthodox,180.34,,185
532,Dorian Price,Southpaw,190.5,,170
533,Paul Georgieff,Orthodox,187.96,,170
534,Soa Palelei,Orthodox,193.04,205.74,265
535,Rameau Thierry Sokoudjou,Orthodox,177.8,198.12,205
536,Luiz Cane,Southpaw,187.96,195.58,185
537,Paul Kelly,Orthodox,175.26,177.8,155
538,James Lee,Southpaw,180.34,,205
539,Per Eklund,Orthodox,177.8,182.88,155
540,Corey Hill,Orthodox,193.04,203.2,155
541,Justin Buchholz,Orthodox,182.88,185.42,155
542,Tim Boetsch,Orthodox,182.88,187.96,185
543,Brock Lesnar,Orthodox,190.5,205.74,265
544,Rob Yundt,Orthodox,185.42,,185
545,Kyle Bradley,Orthodox,175.26,180.34,155
546,Chris Wilson,Orthodox,185.42,190.5,170
547,David Bielkheden,Orthodox,177.8,180.34,155
548,Ryan Roberts,Orthodox,167.64,,155
549,Samy Schiavo,Orthodox,172.72,,155
550,Jason Day,Orthodox,182.88,182.88,185
551,Cain Velasquez,Orthodox,185.42,195.58,240
552,Brad Morris,Orthodox,187.96,,205
553,Goran Reljic,Southpaw,190.5,205.74,205
554,Rousimar Palhares,Orthodox,172.72,180.34,170
555,Yoshiyuki Yoshida,Southpaw,180.34,177.8,170
556,Dong Hyun Kim,Southpaw,187.96,193.04,170
557,Shane Carwin,Orthodox,187.96,203.2,265
558,Antonio Mendes,Southpaw,190.5,195.58,205
559,Kevin Burns,Orthodox,177.8,187.96,170
560,Amir Sadollah,Orthodox,177.8,187.96,170
561,Matthew Riddle,Southpaw,185.42,187.96,170
562,Matt Brown,Orthodox,182.88,190.5,170
563,Rob Kimmons,Orthodox,177.8,185.42,185
564,CB Dollaway,Orthodox,187.96,193.04,185
565,Dante Rivera,Southpaw,185.42,,185
566,Tim Credeur,Orthodox,190.5,190.5,185
567,Rory Markham,Orthodox,182.88,180.34,170
568,Nate Loughran,Orthodox,187.96,,185
569,Brad Blackburn,Orthodox,177.8,185.42,170
570,Shannon Gugerty,Orthodox,177.8,180.34,155
571,Reese Andy,Orthodox,182.88,,205
572,Jesse Taylor,Orthodox,182.88,185.42,170
573,Cale Yarbrough,Orthodox,185.42,,185
574,Brodie Farber,Orthodox,185.42,,170
575,Johnny Rees,Orthodox,182.88,,170
576,James Giboo,Orthodox,180.34,,170
577,Dale Hartt,Orthodox,177.8,175.26,155
578,Jon Jones,Orthodox,193.04,213.36,205
579,Dan Evensen,Orthodox,190.5,,250
580,Andre Gusmao,Orthodox,182.88,,205
581,Steve Bruno,Orthodox,177.8,,170
582,Ryan Thomas,Orthodox,182.88,,170
583,Michael Patt,Orthodox,182.88,,205
584,Jason Brilz,Orthodox,180.34,180.34,205
585,Mike Massenzio,Southpaw,187.96,185.42,185
586,Dan Miller,Orthodox,185.42,187.96,185
587,Joe Vedepo,Orthodox,182.88,,185
588,Dan Hardy,Orthodox,182.88,187.96,170
589,Jim Miller,Southpaw,172.72,180.34,155
590,Neil Wain,Orthodox,177.8,,242
591,David Baron,Switch,167.64,,155
592,Junior Dos Santos,Orthodox,193.04,195.58,238
593,Matt Horwich,Orthodox,185.42,,185
594,Josh Hendricks,Southpaw,187.96,,235
595,Rafael Dos Anjos,Southpaw,172.72,177.8,170
596,Steve Cantwell,Orthodox,187.96,190.5,185
597,Razak Al-Hassan,Orthodox,187.96,,205
598,Brandon Wolff,Orthodox,175.26,,170
599,Efrain Escudero,Orthodox,175.26,177.8,155
600,Ryan Bader,Orthodox,187.96,187.96,205
601,Junie Browning,Orthodox,175.26,,155
602,Krzysztof Soszynski,Open Stance,185.42,195.58,205
603,Eliot Marshall,Orthodox,187.96,195.58,205
604,Tom Lawlor,Southpaw,182.88,187.96,205
605,Shane Nelson,Southpaw,175.26,177.8,155
606,Rolando Delgado,Orthodox,190.5,195.58,155
607,Phillipe Nover,Orthodox,175.26,182.88,145
608,Vinny Magalhaes,Orthodox,190.5,200.66,205
609,David Kaplan,Orthodox,170.18,,155
610,Shane Primm,Orthodox,190.5,,205
611,Jules Bruchez,Southpaw,182.88,,205
612,Kyle Kingsbury,Orthodox,193.04,193.04,205
613,George Roop,Orthodox,185.42,182.88,135
614,John Polakowski,Orthodox,177.8,,155
615,Pat Barry,Orthodox,180.34,187.96,235
616,Mostapha Al-Turk,Orthodox,187.96,195.58,245
617,Mike Wessel,Orthodox,182.88,,260
618,John Hathaway,Orthodox,185.42,190.5,170
619,Denis Kang,Orthodox,180.34,195.58,185
620,Tom Egan,Orthodox,180.34,,170
621,Alexandre Barros,Southpaw,175.26,,170
622,Ivan Serati,Orthodox,182.88,,205
623,John Howard,Orthodox,170.18,180.34,170
624,Dan Cramer,Orthodox,187.96,,170
625,Matt Veach,Orthodox,180.34,,155
626,Nick Catone,Southpaw,182.88,182.88,185
627,Denis Stojnic,Orthodox,182.88,,245
628,Jake Rosholt,Orthodox,185.42,,185
629,Derek Downey,Orthodox,185.42,,185
630,Paulo Thiago,Orthodox,180.34,185.42,170
631,Evan Dunham,Southpaw,177.8,177.8,155
632,Mike Ciesnolevicz,Orthodox,182.88,,235
633,Brian Cobb,Orthodox,180.34,,155
634,Stefan Struve,Orthodox,210.82,213.36,265
635,Neil Grove,Orthodox,198.12,,265
636,Mark Munoz,Orthodox,182.88,182.88,185
637,Ryan Madigan,Orthodox,182.88,,170
638,Aaron Simpson,Orthodox,182.88,185.42,170
639,Carlos Condit,Orthodox,187.96,190.5,170
640,Jesse Sanders,Orthodox,182.88,,170
641,Nissen Osterneck,Orthodox,187.96,,185
642,Tim McKenzie,Orthodox,182.88,187.96,185
643,TJ Grant,Orthodox,177.8,182.88,155
644,Brian Stann,Orthodox,185.42,187.96,205
645,Xavier Foupa-Pokam,Open Stance,185.42,,185
646,Tim Hague,Orthodox,193.04,193.04,260
647,Mike Pyle,Orthodox,182.88,187.96,170
648,Peter Sobotta,Southpaw,182.88,190.5,170
649,Rick Story,Southpaw,175.26,180.34,170
650,James Wilks,Orthodox,185.42,190.5,170
651,Ross Pearson,Orthodox,172.72,175.26,155
652,Nick Osipczak,Orthodox,187.96,193.04,170
653,DaMarques Johnson,Orthodox,185.42,190.5,170
654,Andre Winner,Orthodox,180.34,185.42,155
655,Edgar Garcia,Orthodox,177.8,180.34,170
656,Frank Lester,Orthodox,180.34,,170
657,Cameron Dollar,Orthodox,180.34,,155
658,Yoshihiro Akiyama,Orthodox,177.8,185.42,170
659,Johny Hendricks,Southpaw,175.26,175.26,185
660,Jesse Lennox,Orthodox,175.26,182.88,170
661,Danillo Villefort,Orthodox,185.42,,185
662,Mike Russow,Orthodox,185.42,185.42,255
663,Todd Duffee,Orthodox,190.5,200.66,260
664,Chris Tuchscherer,Orthodox,187.96,193.04,258
665,Mike Pierce,Orthodox,172.72,177.8,170
666,Jake Ellenberger,Orthodox,175.26,180.34,170
667,Jay Silva,Southpaw,187.96,,185
668,Steve Steinbeiss,Orthodox,190.5,190.5,185
669,Paul Daley,Orthodox,175.26,193.04,170
670,Nik Lentz,Orthodox,172.72,172.72,155
671,Steve Lopez,Orthodox,180.34,,155
672,Rafaello Oliveira,Orthodox,172.72,180.34,155
673,Brian Foster,Orthodox,175.26,180.34,170
674,Igor Pokrajac,Orthodox,182.88,193.04,205
675,Ben Rothwell,Orthodox,193.04,198.12,265
676,Chase Gormley,Orthodox,190.5,,265
677,Alexander Gustafsson,Orthodox,195.58,200.66,205
678,Jared Hamman,Orthodox,190.5,190.5,185
679,Rogerio Nogueira,Southpaw,187.96,190.5,205
680,Jacob Volkmann,Southpaw,175.26,180.34,155
681,Fabricio Camoes,Orthodox,177.8,185.42,155
682,Roy Nelson,Orthodox,182.88,182.88,263
683,Kevin Ferguson,Orthodox,187.96,,235
684,Matt Mitrione,Switch,190.5,200.66,265
685,James McSweeney,Switch,193.04,195.58,230
686,Jon Madsen,Orthodox,182.88,182.88,240
687,Brendan Schaub,Orthodox,193.04,198.12,245
688,Marcus Jones,Orthodox,198.12,,265
689,Darrill Schoonover,Orthodox,187.96,,220
690,Justin Wren,Orthodox,187.96,,265
691,Rodney Wallace,Switch,175.26,182.88,205
692,Joe Brammer,Orthodox,172.72,,155
693,Ricardo Funch,Southpaw,177.8,193.04,170
694,Lucio Linhares,Orthodox,187.96,,185
695,Gilbert Yvel,Orthodox,187.96,195.58,225
696,John Gunderson,Orthodox,175.26,175.26,155
697,Rory MacDonald,Orthodox,182.88,193.04,170
698,Gerald Harris,Southpaw,180.34,195.58,185
699,Mike Guymon,Orthodox,182.88,187.96,170
700,John Salter,Southpaw,185.42,187.96,185
701,Phil Davis,Orthodox,187.96,200.66,205
702,Joey Beltran,Orthodox,185.42,190.5,185
703,Ronys Torres,Orthodox,170.18,,155
704,Rolles Gracie,Orthodox,193.04,,242
705,James Te Huna,Orthodox,187.96,190.5,185
706,Darren Elkins,Orthodox,177.8,180.34,145
707,Daniel Roberts,Southpaw,177.8,187.96,170
708,Julio Paulino,Orthodox,182.88,,170
709,Greg Soto,Orthodox,180.34,185.42,170
710,Charlie Brenneman,Orthodox,177.8,182.88,155
711,Takanori Gomi,Southpaw,170.18,177.8,155
712,Mario Miranda,Orthodox,190.5,187.96,185
713,Jason High,Southpaw,172.72,180.34,155
714,Renzo Gracie,Orthodox,177.8,,185
715,Waylon Lowe,Southpaw,170.18,,145
716,Cyrille Diabate,Southpaw,198.12,205.74,205
717,Claude Patrick,Orthodox,180.34,190.5,170
718,Court McGee,Orthodox,180.34,190.5,170
719,Jamie Yager,Orthodox,185.42,,185
720,Brad Tavares,Orthodox,185.42,187.96,185
721,Josh Bryant,Orthodox,177.8,,185
722,Chris Camozzi,Orthodox,187.96,193.04,185
723,Kris McCray,Orthodox,182.88,193.04,170
724,Rich Attonito,Orthodox,177.8,182.88,170
725,Mark Holst,Orthodox,182.88,,155
726,Seth Baczynski,Orthodox,190.5,187.96,170
727,Kyle Noke,Southpaw,185.42,193.04,170
728,James Hammortree,Orthodox,190.5,,185
729,Travis Browne,Orthodox,198.12,200.66,255
730,Ricardo Romero,Orthodox,182.88,193.04,205
731,David Branch,Orthodox,185.42,198.12,185
732,Karlos Vemola,Orthodox,182.88,190.5,185
733,Charles Oliveira,Orthodox,177.8,187.96,155
734,Todd Brown,Orthodox,180.34,,205
735,Christian Morecraft,Orthodox,198.12,205.74,260
736,James Toney,Orthodox,175.26,,220
737,Amilcar Alves,Southpaw,182.88,,170
738,TJ Waldburger,Orthodox,180.34,190.5,170
739,Rafael Natal,Orthodox,182.88,193.04,185
740,David Mitchell,Orthodox,182.88,193.04,170
741,Mark Hunt,Orthodox,177.8,182.88,265
742,Pat Audinwood,Orthodox,182.88,,155
743,Sean McCorkle,Orthodox,200.66,205.74,265
744,Rob Broughton,,187.96,187.96,265
745,Paul Sass,Orthodox,182.88,185.42,155
746,Vinicius Queiroz,,200.66,,220
747,Curt Warburton,Orthodox,182.88,185.42,155
748,Fabio Maldonado,Orthodox,185.42,190.5,205
749,Jake Shields,Orthodox,182.88,182.88,170
750,Dongi Yang,Southpaw,177.8,180.34,185
751,Pascal Krauss,Orthodox,185.42,182.88,170
752,Alexandre Ferreira,Orthodox,170.18,,205
753,Mark Scanlon,Orthodox,175.26,,170
754,Carlos Eduardo Rocha,Orthodox,177.8,177.8,170
755,Mike Lullo,Orthodox,172.72,,145
756,Maiquel Falcao,Orthodox,180.34,,185
757,Edson Barboza,Orthodox,180.34,190.5,155
758,TJ O'Brien,Orthodox,187.96,,155
759,Jonathan Brookins,Southpaw,182.88,185.42,145
760,Nam Phan,Orthodox,167.64,177.8,135
761,Cody McKenzie,Switch,182.88,182.88,155
762,Ian Loveland,Orthodox,172.72,,145
763,Sako Chivitchian,,180.34,,155
764,Will Campuzano,Orthodox,175.26,177.8,125
765,Fredson Paixao,Orthodox,167.64,167.64,145
766,Michael Johnson,Southpaw,177.8,185.42,145
767,Aaron Wilkinson,,177.8,,155
768,Tyler Toner,Orthodox,172.72,177.8,145
769,Kyle Watson,,182.88,,155
770,Nick Pace,Orthodox,170.18,172.72,135
771,Pablo Garza,Orthodox,185.42,185.42,145
772,Jesse Bongfeldt,Orthodox,182.88,,185
773,Sean Pierson,Southpaw,182.88,193.04,170
774,John Makdessi,Orthodox,172.72,172.72,155
775,Dustin Poirier,Southpaw,175.26,182.88,155
776,Josh Grispi,Orthodox,180.34,187.96,145
777,Diego Nunes,Orthodox,167.64,170.18,145
778,Antonio McKee,Southpaw,172.72,,155
779,Rani Yahya,Orthodox,167.64,170.18,135
780,Willamy Freire,,172.72,,155
781,Chris Cariaso,Southpaw,160.02,160.02,125
782,Miguel Torres,Orthodox,175.26,193.04,135
783,Donald Cerrone,Orthodox,185.42,185.42,155
784,Chad Mendes,Orthodox,167.64,167.64,145
785,Norifumi Yamamoto,Southpaw,162.56,167.64,135
786,Antonio Banuelos,Orthodox,165.1,160.02,135
787,Demetrious Johnson,Orthodox,160.02,167.64,125
788,Kenny Robertson,Orthodox,177.8,187.96,170
789,Brian Ebersole,Southpaw,182.88,185.42,170
790,Nick Ring,Southpaw,182.88,187.96,185
791,Tom Blackledge,,,,205
792,Tiequan Zhang,Orthodox,172.72,177.8,155
793,Maciej Jewtuszko,Southpaw,182.88,,155
794,Riki Fukuda,Southpaw,182.88,185.42,185
795,Brian Bowles,Orthodox,170.18,177.8,135
796,Takeya Mizugaki,Orthodox,170.18,172.72,135
797,Chris Weidman,Orthodox,187.96,198.12,185
798,Damacio Page,Orthodox,167.64,167.64,135
799,Danny Castillo,Orthodox,175.26,180.34,155
800,Shane Roller,Orthodox,177.8,182.88,155
801,Reuben Duran,Orthodox,170.18,175.26,135
802,Urijah Faber,Orthodox,167.64,170.18,135
803,Joseph Benavidez,Southpaw,162.56,165.1,125
804,Costas Philippou,Orthodox,180.34,185.42,185
805,Erik Koch,Southpaw,177.8,180.34,155
806,Eddie Wineland,Orthodox,170.18,175.26,135
807,Kamal Shalorus,Orthodox,172.72,172.72,155
808,Anthony Njokuani,Orthodox,185.42,190.5,155
809,Raphael Assuncao,Orthodox,165.1,167.64,135
810,Chan Sung Jung,Orthodox,170.18,182.88,145
811,Alex Caceres,Southpaw,177.8,185.42,145
812,Michael McDonald,Orthodox,175.26,177.8,135
813,Mackens Semerzier,Orthodox,175.26,182.88,145
814,Edwin Figueroa,Orthodox,170.18,175.26,135
815,Jose Aldo,Orthodox,170.18,177.8,145
816,Yves Jabouin,Orthodox,170.18,172.72,135
817,Benson Henderson,Southpaw,175.26,177.8,170
818,Charlie Valencia,Orthodox,160.02,162.56,135
819,Cole Escovedo,Orthodox,170.18,182.88,135
820,Renan Barao,Orthodox,167.64,177.8,135
821,Ramsey Nijem,Orthodox,180.34,190.5,155
822,Chuck O'Neil,,187.96,,170
823,Danny Downes,Orthodox,182.88,182.88,155
824,Ryan McGillivray,,180.34,,170
825,Clay Harvison,,185.42,187.96,170
826,Scott Jorgensen,Orthodox,165.1,167.64,135
827,Tony Ferguson,Orthodox,180.34,193.04,155
828,Anthony Pettis,Orthodox,177.8,182.88,170
829,Chris Cope,Orthodox,182.88,182.88,170
830,Shamar Bailey,,175.26,190.5,155
831,Justin Edwards,Orthodox,177.8,177.8,155
832,Ken Stone,,172.72,180.34,135
833,Francisco Rivera,Orthodox,172.72,172.72,135
834,Dave Herman,Orthodox,193.04,193.04,242
835,Vagner Rocha,Orthodox,177.8,185.42,155
836,Jon Olav Einemo,Orthodox,198.12,,253
837,James Head,Orthodox,185.42,185.42,170
838,Jason Young,Orthodox,175.26,185.42,145
839,Aaron Rosa,Orthodox,193.04,198.12,205
840,Ricardo Lamas,Orthodox,172.72,180.34,145
841,Javier Vazquez,Southpaw,170.18,175.26,145
842,Edward Faaloloto,,,177.8,155
843,Dominick Cruz,Orthodox,172.72,172.72,135
844,Jeff Hougland,Orthodox,170.18,172.72,135
845,Donny Walker,,175.26,,135
846,Paul Bradley,Orthodox,175.26,,170
847,Ronny Markes,Orthodox,185.42,190.5,185
848,Jimy Hettes,Southpaw,175.26,180.34,145
849,Erick Silva,Orthodox,182.88,187.96,170
850,Iuri Alcantara,Southpaw,175.26,180.34,135
851,Stanislav Nedkov,Orthodox,180.34,180.34,205
852,Johnny Eduardo,Orthodox,170.18,180.34,135
853,Luis Ramos,Orthodox,172.72,,170
854,Felipe Arantes,Orthodox,172.72,185.42,135
855,Robert Peralta,Orthodox,172.72,180.34,145
856,Lance Benoist,Southpaw,180.34,185.42,170
857,Mike Stumpf,,177.8,180.34,170
858,Jorge Lopez,Orthodox,177.8,,170
859,Eddie Yagin,Orthodox,170.18,,145
860,Mike Easton,Southpaw,167.64,177.8,135
861,Walel Watson,Orthodox,180.34,175.26,135
862,Byron Bloodworth,Orthodox,172.72,175.26,135
863,Joseph Sandoval,Southpaw,170.18,,135
864,Stipe Miocic,Orthodox,193.04,203.2,240
865,Hatsu Hioki,Orthodox,180.34,177.8,145
866,Dustin Jacoby,Orthodox,193.04,198.12,185
867,Bart Palaszewski,Orthodox,175.26,177.8,145
868,Francis Carmont,Orthodox,190.5,198.12,205
869,Clifford Starks,Orthodox,182.88,195.58,185
870,Brad Pickett,Orthodox,167.64,172.72,135
871,John Maguire,Southpaw,175.26,175.26,155
872,Papy Abedi,Southpaw,180.34,187.96,185
873,Philip De Fries,Orthodox,195.58,208.28,250
874,Che Mills,Orthodox,185.42,193.04,170
875,Vaughan Lee,Orthodox,167.64,167.64,125
876,Cub Swanson,Orthodox,172.72,177.8,145
877,Darren Uyenoyama,Orthodox,167.64,162.56,125
878,Matt Lucas,,185.42,,205
879,Cung Le,Southpaw,175.26,175.26,185
880,Alex Soto,Southpaw,172.72,180.34,135
881,Diego Brandao,Orthodox,170.18,172.72,145
882,TJ Dillashaw,Orthodox,167.64,170.18,125
883,Louis Gaudinot,Orthodox,160.02,160.02,125
884,Marcus Brimage,Southpaw,162.56,180.34,135
885,Dustin Pague,Orthodox,175.26,187.96,135
886,Roland Delorme,Orthodox,175.26,180.34,135
887,Steven Siler,Orthodox,180.34,177.8,145
888,Bryan Caraway,Orthodox,172.72,172.72,135
889,Dennis Bermudez,Orthodox,167.64,167.64,155
890,John Dodson,Orthodox,160.02,167.64,135
891,Johnny Bedford,Orthodox,177.8,180.34,135
892,Stephen Bass,,175.26,,145
893,John Albert,,172.72,172.72,135
894,Josh Ferguson,Orthodox,165.1,167.64,125
895,Josh Clopton,Orthodox,167.64,172.72,145
896,Dustin Neace,,175.26,,145
897,Mitch Clarke,Orthodox,177.8,185.42,155
898,Jake Hecht,Orthodox,182.88,193.04,170
899,John Cholish,Orthodox,180.34,182.88,155
900,Alistair Overeem,Orthodox,193.04,203.2,265
901,Carlo Prater,Switch,180.34,182.88,155
902,Ednaldo Oliveira,Orthodox,195.58,200.66,205
903,Antonio Carvalho,Orthodox,175.26,172.72,145
904,Daniel Pineda,Orthodox,170.18,175.26,145
905,Jared Papazian,Southpaw,172.72,170.18,135
906,Khabib Nurmagomedov,Orthodox,177.8,177.8,155
907,Tommy Hayden,Southpaw,175.26,182.88,145
908,Pat Schilling,Orthodox,172.72,175.26,145
909,Nick Denis,Orthodox,170.18,,135
910,Eric Wisely,Southpaw,172.72,,145
911,Lavar Johnson,Orthodox,193.04,208.28,240
912,Dan Stittgen,Orthodox,185.42,,170
913,Max Holloway,Orthodox,180.34,175.26,155
914,Henry Martinez,Southpaw,170.18,172.72,155
915,Michael Kuiper,Orthodox,182.88,185.42,185
916,Stephen Thompson,Orthodox,182.88,190.5,170
917,Anton Kuivanen,Orthodox,172.72,182.88,155
918,Tim Means,Orthodox,187.96,190.5,170
919,Justin Salas,Southpaw,172.72,177.8,155
920,Bernardo Magalhaes,Orthodox,175.26,165.1,155
921,Eiji Mitsuoka,Southpaw,170.18,,145
922,Issei Tamura,Orthodox,165.1,160.02,135
923,Oli Thompson,Orthodox,185.42,190.5,242
924,Yasuhiro Urushitani,Southpaw,165.1,,125
925,Ian McCall,Orthodox,165.1,162.56,125
926,Nick Penner,Southpaw,193.04,195.58,205
927,Andrew Craig,Orthodox,185.42,193.04,170
928,Shawn Jordan,Southpaw,182.88,190.5,260
929,Reza Madadi,Orthodox,180.34,182.88,155
930,Simeon Thoresen,Orthodox,185.42,200.66,170
931,Siyar Bahadurzada,Orthodox,180.34,185.42,170
932,Tom DeBlass,Orthodox,182.88,190.5,185
933,Magnus Cedenblad,Orthodox,195.58,200.66,185
934,Yoislandy Izquierdo,Southpaw,180.34,,155
935,Besam Yousef,Orthodox,180.34,180.34,170
936,Chad Griggs,Orthodox,185.42,185.42,205
937,Chris Clements,Orthodox,177.8,177.8,170
938,Maximo Blanco,Orthodox,172.72,180.34,145
939,Tim Elliott,Southpaw,170.18,167.64,135
940,John Lineker,Orthodox,160.02,170.18,135
941,Marcus LeVesseur,Southpaw,175.26,177.8,155
942,Antonio Silva,Orthodox,193.04,203.2,264
943,Shane del Rosario,Southpaw,193.04,200.66,250
944,Glover Teixeira,Orthodox,187.96,193.04,205
945,Michael Chiesa,Southpaw,185.42,190.5,170
946,Justin Lawrence,Orthodox,172.72,170.18,145
947,Daron Cruickshank,Switch,172.72,182.88,155
948,Myles Jury,Orthodox,177.8,185.42,145
949,Cristiano Marcello,Orthodox,175.26,182.88,155
950,Joe Proctor,Orthodox,177.8,182.88,155
951,Al Iaquinta,Orthodox,177.8,177.8,155
952,John Cofer,Southpaw,175.26,185.42,155
953,Chris Tickle,,175.26,,155
954,Chris Saunders,,172.72,,155
955,Sam Sicilia,Orthodox,172.72,170.18,145
956,Jeremy Larsen,Orthodox,177.8,177.8,145
957,Erik Perez,Orthodox,172.72,172.72,135
958,Buddy Roberts,Orthodox,187.96,,185
959,Caio Magalhaes,Orthodox,185.42,185.42,185
960,CJ Keith,Orthodox,182.88,,155
961,Brock Jardine,Orthodox,180.34,185.42,170
962,Joey Gambino,Orthodox,170.18,,145
963,Cezar Ferreira,Southpaw,185.42,198.12,185
964,Godofredo Pepey,Orthodox,170.18,185.42,145
965,Anistavio Medeiros,Orthodox,167.64,,145
966,Delson Heleno,Orthodox,180.34,,185
967,John Teixeira,Orthodox,170.18,,145
968,Thiago Perpetuo,Orthodox,177.8,180.34,170
969,Marcos Vinicius,Orthodox,175.26,177.8,125
970,Sergio Moraes,Orthodox,182.88,182.88,170
971,Rony Jason,Orthodox,170.18,177.8,145
972,Hacran Dias,Orthodox,172.72,175.26,155
973,Rodrigo Damm,Orthodox,170.18,180.34,155
974,Francisco Trinaldo,Southpaw,175.26,177.8,155
975,Hugo Viana,Orthodox,167.64,170.18,135
976,Leonardo Mafra,Orthodox,177.8,177.8,155
977,Wagner Campos,Southpaw,167.64,,145
978,Milton Vieira,Orthodox,182.88,182.88,145
979,Marcelo Guimaraes,Orthodox,182.88,185.42,185
980,Hector Lombard,Southpaw,175.26,180.34,185
981,Ryan Jimmo,Orthodox,185.42,185.42,205
982,Mitch Gagnon,Southpaw,165.1,165.1,135
983,John Moraga,Orthodox,167.64,167.64,125
984,Wagner Prado,Southpaw,182.88,187.96,205
985,Ulysses Gomez,Orthodox,167.64,167.64,125
986,Chico Camus,Orthodox,167.64,167.64,125
987,Roger Hollett,Orthodox,180.34,177.8,205
988,Andy Ogle,Orthodox,172.72,175.26,145
989,Tom Watson,Orthodox,185.42,185.42,185
990,Jimi Manuwa,Orthodox,185.42,200.66,205
991,Akira Corassani,Orthodox,172.72,172.72,145
992,Gunnar Nelson,Switch,180.34,182.88,170
993,Jussier Formiga,Orthodox,165.1,170.18,125
994,Phil Harris,Orthodox,162.56,162.56,125
995,Renee Forte,Orthodox,170.18,180.34,155
996,Jon Tuck,Orthodox,180.34,185.42,155
997,Motonobu Tezuka,Southpaw,170.18,167.64,135
998,Azamat Gashimov,Orthodox,167.64,167.64,125
999,Abel Trujillo,Orthodox,172.72,177.8,155
1000,Robert Whittaker,Orthodox,182.88,185.42,185
1001,Colin Fletcher,Orthodox,187.96,198.12,155
1002,Benny Alloway,Orthodox,180.34,190.5,170
1003,Brendan Loughnane,Switch,177.8,177.8,145
1004,Bradley Scott,,185.42,193.04,170
1005,Norman Parke,,180.34,177.8,155
1006,Yaotzin Meza,Orthodox,175.26,187.96,145
1007,Manuel Rodriguez,Orthodox,175.26,172.72,170
1008,Mike Wilkinson,,170.18,172.72,145
1009,Cody Donovan,Orthodox,190.5,187.96,205
1010,Colton Smith,Orthodox,182.88,180.34,155
1011,Vinc Pichel,Orthodox,177.8,182.88,155
1012,Mike Rio,Orthodox,177.8,180.34,155
1013,Mike Ricci,Southpaw,182.88,195.58,155
1014,Rustam Khabilov,Orthodox,172.72,185.42,155
1015,Derek Brunson,Southpaw,185.42,195.58,185
1016,Daniel Sarafian,Orthodox,175.26,185.42,185
1017,Lucas Martins,Southpaw,182.88,182.88,145
1018,Pedro Nobre,,165.1,,135
1019,Ildemar Alcantara,Orthodox,187.96,198.12,185
1020,Sean Spencer,,177.8,190.5,170
1021,Tyron Woodley,Orthodox,175.26,187.96,170
1022,Bobby Green,Orthodox,177.8,180.34,155
1023,Isaac Vallie-Flagg,Orthodox,172.72,172.72,155
1024,Dustin Kimura,Orthodox,170.18,180.34,135
1025,Ronda Rousey,Orthodox,170.18,172.72,135
1026,Jon Manley,Orthodox,185.42,190.5,170
1027,Nah-Shon Burrell,Orthodox,180.34,185.42,170
1028,Liz Carmouche,Orthodox,167.64,167.64,125
1029,Caros Fodor,Orthodox,175.26,193.04,155
1030,Neil Magny,Orthodox,190.5,203.2,170
1031,Yuri Villefort,Orthodox,182.88,185.42,170
1032,Mizuto Hirota,Orthodox,170.18,170.18,155
1033,Kazuki Tokudome,Southpaw,180.34,185.42,155
1034,Kyung Ho Kang,Orthodox,175.26,185.42,135
1035,Hyun Gyu Lim,Orthodox,190.5,195.58,170
1036,Bobby Voelker,Orthodox,182.88,190.5,170
1037,Jordan Mein,Orthodox,182.88,185.42,170
1038,Quinn Mulhern,Orthodox,190.5,193.04,155
1039,Gegard Mousasi,Orthodox,187.96,193.04,185
1040,Ryan Couture,Orthodox,177.8,190.5,155
1041,Tor Troeng,Orthodox,187.96,195.58,185
1042,Chris Spang,Orthodox,187.96,,170
1043,Ilir Latifi,Orthodox,177.8,185.42,205
1044,Adam Cella,,187.96,198.12,170
1045,Adlan Amagov,Orthodox,187.96,193.04,170
1046,Conor McGregor,Southpaw,175.26,187.96,155
1047,Ryan LaFlare,Southpaw,185.42,187.96,170
1048,Uriah Hall,Orthodox,182.88,200.66,185
1049,Miesha Tate,Orthodox,167.64,165.1,135
1050,Bubba McDaniel,Southpaw,190.5,190.5,185
1051,Josh Samman,Orthodox,190.5,200.66,185
1052,Luke Barnatt,Orthodox,198.12,195.58,185
1053,Dylan Andrews,Switch,185.42,185.42,185
1054,Bristol Marunde,Orthodox,185.42,180.34,170
1055,Kelvin Gastelum,Southpaw,175.26,180.34,185
1056,Cat Zingano,Southpaw,167.64,172.72,145
1057,Gilbert Smith,Southpaw,175.26,190.5,185
1058,Kevin Casey,Southpaw,180.34,195.58,185
1059,Collin Hart,Orthodox,185.42,193.04,185
1060,Jimmy Quinlan,Orthodox,182.88,182.88,185
1061,Clint Hester,Orthodox,187.96,195.58,205
1062,Gilbert Melendez,Orthodox,175.26,185.42,145
1063,Daniel Cormier,Orthodox,180.34,182.88,235
1064,Lorenz Larkin,Orthodox,180.34,182.88,170
1065,Jorge Masvidal,Orthodox,180.34,187.96,170
1066,Roger Bowling,Orthodox,175.26,172.72,155
1067,Yoel Romero,Southpaw,182.88,185.42,185
1068,Gian Villante,Orthodox,190.5,193.04,205
1069,Sara McMann,Orthodox,167.64,167.64,135
1070,Yancy Medeiros,Orthodox,177.8,190.5,155
1071,Ovince Saint Preux,Southpaw,190.5,203.2,205
1072,Sheila Gaff,Orthodox,165.1,157.48,135
1073,Kurt Holobaugh,Orthodox,180.34,177.8,155
1074,Jacare Souza,Orthodox,185.42,182.88,185
1075,Luke Rockhold,Southpaw,190.5,195.58,185
1076,Joao Zeferino,Orthodox,180.34,185.42,170
1077,Michel Prazeres,Orthodox,167.64,170.18,170
1078,Iliarde Santos,Orthodox,165.1,167.64,125
1079,KJ Noons,Orthodox,177.8,182.88,155
1080,Estevan Payan,Orthodox,177.8,182.88,145
1081,William Patolino,Orthodox,180.34,190.5,170
1082,Antonio Braga Neto,Orthodox,190.5,195.58,185
1083,Leonardo Santos,Orthodox,182.88,190.5,155
1084,Rafael Feijao,Orthodox,185.42,185.42,205
1085,Eddie Mendez,,177.8,193.04,185
1086,Leandro Silva,Orthodox,175.26,182.88,155
1087,Anthony Smith,Orthodox,193.04,193.04,205
1088,Alexis Davis,Orthodox,167.64,172.72,125
1089,Rosi Sexton,Orthodox,160.02,160.02,135
1090,James Krause,Orthodox,187.96,185.42,170
1091,Tim Kennedy,Orthodox,180.34,187.96,185
1092,Roger Gracie,Orthodox,193.04,200.66,185
1093,Brian Melancon,Orthodox,172.72,182.88,170
1094,Julie Kedzie,Orthodox,165.1,162.56,135
1095,Jessica Andrade,Orthodox,154.94,157.48,115
1096,Trevor Smith,Orthodox,190.5,190.5,185
1097,Germaine de Randamie,Orthodox,175.26,180.34,135
1098,Amanda Nunes,Orthodox,172.72,175.26,145
1099,Viscardi Andrade,Orthodox,180.34,190.5,170
1100,Thiago Santos,Orthodox,187.96,193.04,205
1101,Jose Maria,Orthodox,165.1,,125
1102,Francimar Barroso,Orthodox,185.42,190.5,205
1103,James Vick,Orthodox,190.5,193.04,155
1104,Zak Cummings,Southpaw,182.88,190.5,185
1105,Brandon Thatch,Switch,187.96,187.96,170
1106,Nikita Krylov,Orthodox,190.5,195.58,205
1107,Piotr Hallmann,Orthodox,175.26,180.34,155
1108,Ali Bagautinov,Orthodox,162.56,165.1,125
1109,Kevin Souza,Orthodox,182.88,187.96,145
1110,Junior Hernandez,Orthodox,175.26,175.26,135
1111,Elias Silverio,Orthodox,180.34,185.42,155
1112,Ivan Jorge,Orthodox,175.26,185.42,155
1113,Nandor Guelmino,,190.5,193.04,230
1114,Wilson Reis,Southpaw,162.56,165.1,125
1115,Jesse Ronson,Southpaw,177.8,182.88,155
1116,Daniel Omielanczuk,Southpaw,182.88,187.96,247
1117,Yan Cabral,Orthodox,180.34,185.42,155
1118,Alan Patrick,Southpaw,180.34,187.96,155
1119,Igor Araujo,Orthodox,185.42,195.58,170
1120,Garett Whiteley,Orthodox,182.88,182.88,155
1121,Sarah Kaufman,Orthodox,165.1,170.18,135
1122,Darrell Montague,Southpaw,167.64,170.18,125
1123,Jessica Eye,Orthodox,167.64,167.64,125
1124,Andre Fili,Orthodox,180.34,187.96,145
1125,Kyoji Horiguchi,Orthodox,165.1,167.64,125
1126,Nico Musoke,Orthodox,182.88,190.5,170
1127,Rob Whiteford,Southpaw,175.26,175.26,145
1128,Brian Houston,Orthodox,187.96,198.12,185
1129,Santiago Ponzinibbio,Orthodox,182.88,185.42,170
1130,Adriano Martins,Southpaw,177.8,182.88,155
1131,Omari Akhmedov,Orthodox,182.88,185.42,185
1132,Dustin Ortiz,Orthodox,165.1,165.1,125
1133,Anthony Lapsley,Southpaw,175.26,180.34,170
1134,Sergio Pettis,Orthodox,167.64,175.26,135
1135,Julianna Pena,,167.64,175.26,135
1136,Chris Holdsworth,,180.34,180.34,135
1137,Jessamyn Duke,,180.34,185.42,135
1138,Roxanne Modafferi,,170.18,175.26,125
1139,Jared Rosholt,Orthodox,187.96,190.5,265
1140,Joshua Sampo,Orthodox,162.56,162.56,125
1141,Jessica Rakoczy,Orthodox,170.18,172.72,115
1142,Davey Grant,,172.72,175.26,135
1143,Peggy Morgan,,185.42,177.8,135
1144,Raquel Pennington,Orthodox,170.18,170.18,135
1145,Tom Niinimaki,Orthodox,175.26,175.26,145
1146,Walt Harris,Southpaw,195.58,195.58,250
1147,Drew Dober,Southpaw,172.72,177.8,155
1148,Ryan Benoit,Orthodox,165.1,172.72,125
1149,Richie Vaculik,Orthodox,167.64,175.26,125
1150,Bruno Santos,Orthodox,175.26,175.26,185
1151,Ben Wall,Orthodox,177.8,185.42,155
1152,Bethe Correia,Orthodox,165.1,162.56,135
1153,Justin Scoggins,Southpaw,170.18,167.64,125
1154,Krzysztof Jotko,Southpaw,185.42,195.58,185
1155,Alex Garcia,Orthodox,175.26,182.88,170
1156,Zach Makovsky,Southpaw,162.56,162.56,125
1157,Alptekin Ozkilic,Orthodox,165.1,165.1,125
1158,Tarec Saffiedine,Switch,177.8,177.8,170
1159,Tatsuya Kawajiri,Orthodox,170.18,175.26,145
1160,Kiichi Kunimoto,Orthodox,177.8,180.34,170
1161,Katsunori Kikuno,Orthodox,172.72,167.64,145
1162,Royston Wee,Orthodox,170.18,170.18,135
1163,Mairbek Taisumov,Orthodox,175.26,185.42,155
1164,Leandro Issa,Orthodox,170.18,175.26,135
1165,Sean Soriano,Orthodox,175.26,177.8,145
1166,Luiz Dutra,Orthodox,180.34,180.34,170
1167,Shunichi Shimizu,Orthodox,165.1,167.64,135
1168,Will Chope,Switch,193.04,193.04,145
1169,Dave Galera,Orthodox,180.34,,135
1170,Tae Hyun Bang,Switch,175.26,180.34,155
1171,Jon Delos Reyes,Orthodox,167.64,170.18,125
1172,Russell Doane,Orthodox,170.18,177.8,135
1173,Louis Smolka,Orthodox,175.26,172.72,135
1174,Beneil Dariush,Southpaw,177.8,182.88,155
1175,George Sullivan,Orthodox,182.88,185.42,170
1176,Mike Rhodes,Orthodox,185.42,187.96,170
1177,Anthony Rocco Martin,Orthodox,182.88,185.42,170
1178,Danny Martinez,Orthodox,167.64,170.18,125
1179,Kevin Lee,Orthodox,175.26,195.58,170
1180,Andy Enz,Orthodox,190.5,198.12,185
1181,Rashid Magomedov,Orthodox,175.26,177.8,155
1182,Gasan Umalatov,Orthodox,180.34,180.34,170
1183,Douglas Silva de Andrade,Orthodox,170.18,172.72,135
1184,Takenori Sato,Southpaw,177.8,180.34,170
1185,Albert Tumenov,Orthodox,180.34,185.42,170
1186,Zubaira Tukhugov,Orthodox,172.72,172.72,145
1187,Cody Gibson,Orthodox,177.8,180.34,135
1188,Ernest Chavez,Orthodox,172.72,177.8,145
1189,Patrick Cummins,Orthodox,187.96,193.04,205
1190,Pedro Munhoz,Orthodox,167.64,165.1,135
1191,Aljamain Sterling,Orthodox,170.18,180.34,135
1192,Yosdenis Cedeno,Orthodox,172.72,175.26,155
1193,Sai Wang,Southpaw,182.88,182.88,170
1194,Albert Cheng,Orthodox,180.34,,170
1195,Jumabieke Tuerxun,Orthodox,170.18,170.18,135
1196,Zhang Lipeng,Southpaw,180.34,180.34,155
1197,Yui Chul Nam,Orthodox,175.26,175.26,145
1198,An Ying Wang,Orthodox,182.88,,170
1199,Mark Eddiva,Orthodox,172.72,172.72,145
1200,Neil Seery,Orthodox,162.56,162.56,125
1201,Mats Nilsson,Orthodox,185.42,187.96,170
1202,Claudio Silva,Southpaw,180.34,180.34,170
1203,Danny Mitchell,Orthodox,187.96,187.96,170
1204,Francisco Trevino,Orthodox,175.26,177.8,155
1205,Sean Strickland,Orthodox,185.42,193.04,170
1206,Hans Stringer,Orthodox,190.5,185.42,205
1207,Noad Lahat,Orthodox,175.26,175.26,145
1208,Alan Omer,Orthodox,177.8,180.34,145
1209,Jim Alers,Orthodox,175.26,180.34,145
1210,Sheldon Westcott,Southpaw,185.42,180.34,170
1211,Chad Laprise,Orthodox,177.8,180.34,170
1212,Nordine Taleb,Orthodox,185.42,187.96,170
1213,Richard Walsh,,182.88,185.42,170
1214,Elias Theodorou,Orthodox,185.42,190.5,185
1215,Olivier Aubin-Mercier,Southpaw,175.26,177.8,155
1216,Leslie Smith,Orthodox,175.26,167.64,135
1217,Sean O'Connell,Orthodox,185.42,187.96,205
1218,Mike de la Torre,Orthodox,180.34,180.34,145
1219,Vik Grujic,Orthodox,180.34,185.42,170
1220,Chris Indich,,177.8,185.42,170
1221,Tim Gorman,Southpaw,165.1,172.72,135
1222,Mirsad Bektic,Orthodox,172.72,177.8,145
1223,Derrick Lewis,Orthodox,190.5,200.66,260
1224,Alex White,Southpaw,182.88,180.34,155
1225,Luke Zachrich,Orthodox,187.96,187.96,185
1226,Hernani Perpetuo,Orthodox,182.88,187.96,170
1227,Ray Borg,Orthodox,162.56,160.02,135
1228,Chas Skelly,Orthodox,180.34,182.88,145
1229,Jack May,Switch,203.2,200.66,255
1230,Chris Beal,Orthodox,170.18,175.26,125
1231,Patrick Williams,Orthodox,172.72,185.42,135
1232,Ruan Potts,Orthodox,187.96,190.5,247
1233,David Michaud,Orthodox,175.26,182.88,155
1234,Aaron Phillips,Southpaw,175.26,177.8,135
1235,Li Jingliang,Orthodox,182.88,180.34,170
1236,Vitor Miranda,Orthodox,185.42,195.58,185
1237,Marcio Alexandre Junior,Southpaw,182.88,190.5,185
1238,Ricardo Abreu,Orthodox,180.34,185.42,185
1239,Marcos Rogerio de Lima,Orthodox,185.42,190.5,253
1240,Nick Hein,Southpaw,167.64,167.64,155
1241,Viktor Pesta,Orthodox,190.5,195.58,240
1242,Antonio Carlos Junior,Orthodox,187.96,200.66,185
1243,Warlley Alves,Orthodox,180.34,182.88,170
1244,Alexander Yakovlev,Southpaw,190.5,187.96,155
1245,Wagner Silva,Orthodox,182.88,180.34,170
1246,Richardson Moreira,Orthodox,187.96,182.88,185
1247,Matt Hobar,Southpaw,177.8,177.8,135
1248,Niklas Backstrom,Orthodox,185.42,187.96,145
1249,Pawel Pawlak,Orthodox,182.88,185.42,170
1250,Ruslan Magomedov,Orthodox,190.5,198.12,242
1251,Jake Lindsey,Switch,180.34,180.34,155
1252,Roger Narvaez,Southpaw,190.5,200.66,185
1253,Valerie Letourneau,Orthodox,170.18,172.72,115
1254,Kajan Johnson,Orthodox,180.34,190.5,155
1255,Jason Saggo,Orthodox,180.34,180.34,155
1256,Elizabeth Phillips,Orthodox,167.64,165.1,135
1257,Michinori Tanaka,Orthodox,165.1,170.18,135
1258,Josh Shockley,Orthodox,185.42,187.96,155
1259,Joe Ellenberger,Orthodox,175.26,182.88,155
1260,Aleksei Oleinik,Orthodox,187.96,203.2,240
1261,Jake Matthews,Orthodox,180.34,185.42,170
1262,Dan Hooker,Switch,182.88,190.5,155
1263,James Moontasri,Switch,177.8,180.34,170
1264,Diego Ferreira,Orthodox,175.26,187.96,155
1265,Shane Howell,Orthodox,172.72,175.26,125
1266,Anthony Hamilton,Orthodox,195.58,193.04,260
1267,Dashon Johnson,Orthodox,170.18,177.8,145
1268,Roldan Sangcha-an,Orthodox,162.56,165.1,125
1269,Rodrigo de Lima,Orthodox,170.18,190.5,155
1270,Ian Entwistle,Orthodox,165.1,162.56,135
1271,Rob Font,Orthodox,172.72,180.34,135
1272,Guilherme Vasconcelos,Orthodox,182.88,187.96,185
1273,Bubba Bush,Orthodox,182.88,185.42,185
1274,Corey Anderson,Orthodox,190.5,200.66,205
1275,Dhiego Lima,Orthodox,187.96,187.96,170
1276,Patrick Walsh,,180.34,180.34,185
1277,Sarah Moras,,170.18,170.18,135
1278,Robert Drysdale,Orthodox,190.5,198.12,205
1279,Matt Van Buren,,195.58,193.04,205
1280,Eddie Gordon,Orthodox,182.88,193.04,185
1281,Guto Inocente,Orthodox,190.5,195.58,205
1282,Juan Puig,Orthodox,175.26,182.88,145
1283,Daniel Spohn,Southpaw,193.04,200.66,205
1284,Alexis Dufresne,Orthodox,175.26,172.72,135
1285,Keith Berish,Orthodox,182.88,185.42,205
1286,Claudia Gadelha,Orthodox,162.56,160.02,115
1287,Jerrod Sanders,Orthodox,172.72,182.88,135
1288,Tina Lahdemaki,Orthodox,157.48,157.48,115
1289,Cathal Pendred,Orthodox,185.42,190.5,170
1290,Paddy Holohan,Orthodox,177.8,175.26,125
1291,Chris Dempsey,Orthodox,177.8,182.88,185
1292,Mike King,,190.5,190.5,185
1293,Akbarh Arreola,Southpaw,177.8,180.34,155
1294,Andreas Stahl,Orthodox,180.34,185.42,170
1295,Juliana Lima,Orthodox,165.1,165.1,115
1296,Brian Ortega,Switch,172.72,175.26,145
1297,Tiago Trator,Orthodox,175.26,177.8,145
1298,Gilbert Burns,Orthodox,177.8,180.34,155
1299,Joanna Jedrzejczyk,Orthodox,167.64,165.1,125
1300,Nolan Ticman,Orthodox,167.64,175.26,125
1301,Alan Jouban,Southpaw,182.88,185.42,170
1302,Lauren Murphy,Orthodox,170.18,170.18,125
1303,Sam Alvey,Southpaw,187.96,190.5,205
1304,Frankie Saenz,Orthodox,167.64,167.64,135
1305,Ning Guangyou,Southpaw,162.56,162.56,145
1306,Alberto Mina,Orthodox,182.88,195.58,170
1307,Yao Zhikui,Orthodox,165.1,162.56,125
1308,Clay Collard,Orthodox,180.34,185.42,145
1309,Valmir Lazaro,Orthodox,182.88,185.42,155
1310,Chris Heatherly,Orthodox,175.26,172.72,155
1311,Joby Sanchez,Orthodox,167.64,172.72,135
1312,Brendan O'Reilly,Orthodox,170.18,175.26,170
1313,Jianping Yang,Orthodox,170.18,165.1,145
1314,Shinsho Anzai,Orthodox,170.18,177.8,170
1315,Ulka Sasaki,Southpaw,177.8,180.34,125
1316,Colby Covington,Orthodox,180.34,182.88,170
1317,Milana Dudieva,Orthodox,160.02,154.94,135
1318,Chris Wade,Orthodox,177.8,177.8,155
1319,Joe Soto,Orthodox,167.64,165.1,135
1320,Shayna Baszler,Orthodox,170.18,170.18,135
1321,Damon Jackson,Switch,180.34,180.34,145
1322,Cain Carrizosa,Orthodox,172.72,187.96,155
1323,Tateki Matsuda,Orthodox,170.18,165.1,125
1324,Wendell Oliveira,Orthodox,177.8,182.88,170
1325,Larissa Pacheco,Orthodox,170.18,175.26,135
1326,Rin Nakai,Orthodox,154.94,152.4,135
1327,Masanori Kanehara,Orthodox,170.18,170.18,135
1328,Johnny Case,Orthodox,177.8,182.88,155
1329,Eddie Alvarez,Orthodox,175.26,175.26,155
1330,Roman Salazar,Orthodox,170.18,170.18,135
1331,Paul Felder,Orthodox,180.34,177.8,155
1332,Chris Kelades,Orthodox,170.18,172.72,125
1333,Matt Dwyer,Orthodox,193.04,193.04,170
1334,Jan Blachowicz,Orthodox,187.96,198.12,205
1335,Scott Askham,Southpaw,190.5,190.5,185
1336,Charles Rosa,Switch,175.26,175.26,145
1337,Marcin Bandel,Orthodox,177.8,177.8,155
1338,Christos Giagos,Orthodox,177.8,180.34,155
1339,Daniel Kelly,Southpaw,182.88,177.8,185
1340,Diego Rivas,Orthodox,172.72,175.26,145
1341,Thomas Almeida,Southpaw,170.18,177.8,135
1342,Leon Edwards,Southpaw,182.88,187.96,170
1343,Jorge de Oliveira,Orthodox,172.72,180.34,155
1344,Nina Ansaroff,Orthodox,165.1,162.56,115
1345,Rodolfo Rubio,Orthodox,165.1,167.64,145
1346,Augusto Montano,Orthodox,185.42,185.42,170
1347,Yair Rodriguez,,180.34,180.34,145
1348,Alejandro Perez,Orthodox,167.64,170.18,135
1349,Gabriel Benitez,Southpaw,172.72,180.34,145
1350,Henry Briones,,172.72,175.26,135
1351,Marco Beltran,Orthodox,172.72,175.26,125
1352,Hector Urbina,Orthodox,180.34,185.42,170
1353,Leonardo Morales,Southpaw,172.72,172.72,135
1354,Jose Quinonez,,172.72,175.26,135
1355,Humberto Brown,,177.8,180.34,145
1356,Guido Cannetti,Southpaw,167.64,172.72,135
1357,Marlon Vera,Switch,172.72,177.8,135
1358,Paige VanZant,Orthodox,162.56,165.1,115
1359,Josh Copeland,Orthodox,185.42,190.5,265
1360,Kailin Curran,Orthodox,162.56,165.1,115
1361,Dooho Choi,Orthodox,177.8,177.8,145
1362,Justin Jones,Orthodox,180.34,198.12,185
1363,Ashlee Evans-Smith,Orthodox,172.72,170.18,125
1364,Carla Esparza,,154.94,160.02,115
1365,Jessica Penne,,165.1,170.18,115
1366,Felice Herrig,Orthodox,162.56,165.1,115
1367,Bec Rawlings,Orthodox,167.64,162.56,125
1368,Joanne Calderwood,Orthodox,167.64,165.1,125
1369,Tecia Torres,Orthodox,154.94,152.4,115
1370,Aisling Daly,,157.48,162.56,115
1371,Emily Peters Kagan,,160.02,167.64,115
1372,Rose Namajunas,Orthodox,165.1,165.1,115
1373,Randa Markos,Orthodox,162.56,160.02,115
1374,Lisa Ellis,,162.56,157.48,115
1375,Heather Jo Clark,,167.64,162.56,115
1376,Seohee Ham,Southpaw,157.48,157.48,115
1377,Angela Magana,,154.94,165.1,115
1378,Alex Chambers,,160.02,160.02,115
1379,Angela Hill,Orthodox,160.02,162.56,115
1380,Henry Cejudo,Orthodox,162.56,162.56,135
1381,Anthony Birchak,Orthodox,172.72,175.26,135
1382,Willie Gates,Orthodox,172.72,177.8,125
1383,Bryan Barberena,Southpaw,182.88,182.88,170
1384,Antonio Dos Santos,Orthodox,177.8,182.88,185
1385,Renato Moicano,Orthodox,180.34,182.88,145
1386,Jake Collier,Orthodox,190.5,198.12,205
1387,Cody Garbrandt,Orthodox,172.72,165.1,135
1388,Jared Cannonier,Switch,180.34,195.58,185
1389,Marion Reneau,Orthodox,167.64,172.72,135
1390,Ron Stallings,Southpaw,187.96,190.5,170
1391,Frankie Perez,Orthodox,180.34,185.42,155
1392,Sultan Aliev,Orthodox,180.34,187.96,170
1393,Makwan Amirkhani,Southpaw,177.8,182.88,145
1394,Anthony Christodoulou,Orthodox,175.26,182.88,155
1395,Paul Redmond,Orthodox,177.8,177.8,145
1396,Konstantin Erokhin,Orthodox,180.34,185.42,230
1397,Cody Pfister,Orthodox,177.8,185.42,155
1398,Masio Fullen,Orthodox,177.8,177.8,145
1399,Holly Holm,Southpaw,172.72,175.26,145
1400,Alex Torres,Orthodox,177.8,177.8,145
1401,Joe Duffy,Orthodox,177.8,185.42,155
1402,Bentley Syler,Orthodox,162.56,172.72,125
1403,Alex Oliveira,Orthodox,180.34,193.04,170
1404,Fredy Serrano,Orthodox,160.02,165.1,125
1405,Shamil Abdurakhimov,Orthodox,190.5,193.04,235
1406,Tim Johnson,Southpaw,190.5,195.58,265
1407,Bartosz Fabinski,Orthodox,182.88,190.5,170
1408,Damian Stasiak,Orthodox,165.1,177.8,135
1409,Izabela Badurek,Orthodox,165.1,,115
1410,Taylor Lapilus,Southpaw,167.64,185.42,135
1411,Maryna Moroz,Orthodox,170.18,170.18,125
1412,Garreth McLellan,Southpaw,185.42,182.88,185
1413,Mickael Lebout,Orthodox,180.34,185.42,155
1414,Alexandra Albu,Orthodox,157.48,160.02,115
1415,Stevie Ray,Southpaw,177.8,177.8,155
1416,Rocky Lee,Orthodox,175.26,172.72,145
1417,Shane Campbell,Orthodox,182.88,180.34,155
1418,Jonavin Webb,Orthodox,177.8,180.34,170
1419,Ben Nguyen,Switch,165.1,165.1,125
1420,Levan Makashvili,Orthodox,172.72,172.72,145
1421,Islam Makhachev,Orthodox,177.8,177.8,155
1422,Leo Kuntz,Orthodox,177.8,187.96,155
1423,Elizeu Zaleski dos Santos,Orthodox,180.34,185.42,170
1424,Darren Till,Southpaw,182.88,187.96,170
1425,Nicolas Dalby,Orthodox,180.34,187.96,170
1426,Ericka Almeida,,167.64,172.72,115
1427,Tom Breese,Southpaw,190.5,185.42,185
1428,Steve Kennedy,Orthodox,180.34,180.34,170
1429,Lukasz Sajewski,Orthodox,172.72,180.34,155
1430,Arnold Allen,Southpaw,172.72,177.8,145
1431,Magomed Mustafaev,Orthodox,172.72,180.34,155
1432,Steve Montgomery,Southpaw,193.04,190.5,185
1433,Steve Bosse,Orthodox,180.34,182.88,205
1434,Joe Merritt,Orthodox,182.88,185.42,170
1435,Lewis Gonzalez,Orthodox,177.8,185.42,170
1436,Tony Sims,Southpaw,180.34,177.8,155
1437,Sirwan Kakai,Orthodox,165.1,167.64,135
1438,Kamaru Usman,Switch,182.88,193.04,170
1439,Michael Graves,,177.8,180.34,170
1440,Hayder Hassan,,177.8,177.8,170
1441,Vicente Luque,Orthodox,180.34,190.5,170
1442,Michelle Waterson,Orthodox,160.02,157.48,115
1443,Dominic Waters,Orthodox,185.42,200.66,170
1444,Lyman Good,Orthodox,182.88,187.96,170
1445,Cortney Casey,Orthodox,170.18,170.18,115
1446,Teemu Packalen,Orthodox,185.42,182.88,155
1447,Jimmie Rivera,Orthodox,162.56,172.72,135
1448,Chris de la Rocha,Orthodox,190.5,203.2,250
1449,Andrew Holbrook,Southpaw,180.34,177.8,155
1450,Dominique Steele,Orthodox,177.8,187.96,170
1451,Glaico Franca,,182.88,195.58,155
1452,Reginaldo Vieira,,170.18,165.1,135
1453,Fernando Bruno,,167.64,177.8,145
1454,Dileno Lopes,,165.1,165.1,135
1455,Jessica Aguilar,Orthodox,160.02,160.02,115
1456,Geane Herrera,Orthodox,165.1,167.64,125
1457,Oluwale Bamgbose,Switch,180.34,198.12,185
1458,Jonathan Wilson,Southpaw,187.96,190.5,205
1459,Scott Holtzman,Orthodox,175.26,175.26,155
1460,Misha Cirkunov,Orthodox,190.5,195.58,205
1461,Daniel Jolly,Orthodox,185.42,190.5,205
1462,Joaquim Silva,,172.72,175.26,155
1463,Nazareno Malegarie,,172.72,177.8,155
1464,Teruto Ishihara,Southpaw,170.18,175.26,135
1465,Yusuke Kasuya,Southpaw,170.18,170.18,155
1466,Roger Zapata,Southpaw,180.34,187.96,170
1467,Sage Northcutt,Orthodox,182.88,180.34,170
1468,Bruno Korea,,167.64,165.1,135
1469,Matheus Nicolau,,167.64,167.64,125
1470,Anton Zafir,Orthodox,180.34,182.88,170
1471,Erick Montano,Orthodox,182.88,185.42,170
1472,Horacio Gutierrez,,177.8,175.26,145
1473,Vernon Ramos,Orthodox,167.64,182.88,170
1474,Cesar Arzamendia,,180.34,180.34,155
1475,Enrique Marin,,177.8,187.96,170
1476,Enrique Barzola,,170.18,177.8,145
1477,Alvaro Herrera,,182.88,187.96,155
1478,Polo Reyes,,180.34,180.34,155
1479,Dong Hyun Ma,Orthodox,180.34,177.8,155
1480,Danny Roberts,Southpaw,185.42,187.96,170
1481,Nathan Coy,Southpaw,177.8,175.26,170
1482,Artem Lobov,Southpaw,175.26,165.1,145
1483,Julian Erosa,Southpaw,185.42,187.96,145
1484,Chris Gruetzemacher,Orthodox,172.72,172.72,155
1485,Ryan Hall,,177.8,180.34,155
1486,Jason Knight,Orthodox,177.8,180.34,145
1487,Marcin Wrzosek,,175.26,,155
1488,Abner Lloveras,,180.34,180.34,155
1489,Jocelyn Jones-Lybarger,Orthodox,170.18,162.56,115
1490,Francis Ngannou,Orthodox,193.04,210.82,250
1491,Karolina Kowalkiewicz,Orthodox,160.02,162.56,115
1492,Valentina Shevchenko,Southpaw,165.1,167.64,125
1493,Luis Henrique,Orthodox,187.96,187.96,243
1494,Justine Kish,Orthodox,165.1,162.56,125
1495,Alex Morono,Orthodox,180.34,182.88,170
1496,Mehdi Baghdad,Orthodox,185.42,190.5,155
1497,Luke Sanders,Southpaw,167.64,170.18,135
1498,Kyle Bochniak,Orthodox,170.18,177.8,145
1499,Joey Gomez,Orthodox,177.8,180.34,155
1500,Elvis Mutapcic,Orthodox,182.88,182.88,185
1501,Randy Brown,Orthodox,190.5,198.12,170
1502,Felipe Olivieri,Orthodox,175.26,182.88,155
1503,Mickey Gall,Switch,187.96,187.96,170
1504,Alex Nicholson,Orthodox,193.04,205.74,185
1505,Damian Grabowski,Orthodox,185.42,190.5,241
1506,Mike Jackson,Orthodox,187.96,,170
1507,Augusto Mendes,Orthodox,167.64,165.1,135
1508,Leonardo Augusto Leleco,Orthodox,182.88,185.42,185
1509,Kelly Faszholz,Orthodox,172.72,170.18,135
1510,David Teymur,Southpaw,175.26,185.42,155
1511,Jarjis Danho,Orthodox,190.5,187.96,265
1512,Thibault Gouti,Orthodox,177.8,182.88,155
1513,Martin Svensson,,185.42,182.88,155
1514,Damien Brown,Orthodox,177.8,172.72,155
1515,Filip Pejic,Orthodox,172.72,177.8,135
1516,Alessio Di Chirico,Orthodox,182.88,187.96,185
1517,Curtis Blaydes,Orthodox,193.04,203.2,265
1518,Marcin Tybura,Orthodox,190.5,198.12,249
1519,Cristina Stanciu,Orthodox,160.02,162.56,115
1520,Damir Hadzovic,Orthodox,175.26,177.8,155
1521,Cyril Asker,Orthodox,182.88,187.96,247
1522,Bojan Velickovic,Southpaw,182.88,193.04,170
1523,Darrell Horcher,Southpaw,177.8,177.8,155
1524,Cody East,Orthodox,190.5,187.96,245
1525,Anna Elmose,Orthodox,160.02,165.1,115
1526,Josh Emmett,Orthodox,167.64,177.8,145
1527,Cris Cyborg,Orthodox,172.72,172.72,145
1528,Luan Chagas,Orthodox,182.88,190.5,170
1529,Jordan Rinaldi,Orthodox,177.8,182.88,145
1530,Alberto Uda,Orthodox,190.5,195.58,185
1531,Adam Milstead,Orthodox,190.5,193.04,205
1532,Henrique da Silva,Orthodox,190.5,193.04,205
1533,Ion Cutelaba,Southpaw,185.42,190.5,205
1534,Jonathan Meunier,Switch,190.5,190.5,170
1535,Belal Muhammad,Orthodox,180.34,182.88,170
1536,Andrew Sanchez,Orthodox,185.42,187.96,185
1537,Tatiana Suarez,,165.1,167.64,115
1538,Cory Hendricks,,190.5,,205
1539,Khalil Rountree Jr.,Southpaw,185.42,193.04,205
1540,Amanda Cooper,Switch,160.02,162.56,115
1541,Will Brooks,Orthodox,177.8,182.88,155
1542,Josh Stansbury,,187.96,187.96,205
1543,Eric Spicely,Orthodox,185.42,185.42,185
1544,Devin Clark,Orthodox,182.88,190.5,205
1545,Lando Vannata,Orthodox,175.26,180.34,155
1546,Katlyn Chookagian,Orthodox,175.26,172.72,125
1547,Matthew Lopez,Southpaw,170.18,175.26,135
1548,Bojan Mihajlovic,Orthodox,180.34,185.42,205
1549,JC Cottrell,Orthodox,175.26,180.34,155
1550,Dmitrii Smoliakov,Switch,187.96,187.96,253
1551,Hector Sandoval,Orthodox,157.48,162.56,125
1552,Chase Sherman,Orthodox,193.04,198.12,250
1553,Joe Gigliotti,Orthodox,180.34,175.26,185
1554,Danielle Taylor,Orthodox,152.4,152.4,115
1555,Jason Novelli,Orthodox,182.88,190.5,155
1556,Justin Ledet,Orthodox,193.04,203.2,205
1557,Mike Perry,Orthodox,177.8,180.34,170
1558,Sabah Homasi,Orthodox,182.88,182.88,170
1559,Chris Avila,Orthodox,177.8,182.88,145
1560,Max Griffin,Orthodox,180.34,193.04,170
1561,Marvin Vettori,Southpaw,182.88,187.96,185
1562,Jeremy Kennedy,Orthodox,180.34,180.34,145
1563,Felipe Silva,Orthodox,182.88,195.58,155
1564,Alessandro Ricci,Orthodox,180.34,175.26,155
1565,Jessin Ayari,Orthodox,182.88,185.42,155
1566,Jimmy Wallhead,Orthodox,177.8,185.42,170
1567,Veronica Macedo,Southpaw,162.56,162.56,125
1568,Christian Colombo,Orthodox,195.58,203.2,265
1569,Jack Hermansson,Orthodox,185.42,195.58,185
1570,CM Punk,Orthodox,185.42,185.42,170
1571,Michael McBride,Orthodox,185.42,190.5,155
1572,Jason Gonzalez,Southpaw,187.96,187.96,155
1573,Rick Glenn,Southpaw,182.88,177.8,145
1574,Albert Morales,Orthodox,175.26,182.88,135
1575,Lina Lansberg,Orthodox,170.18,165.1,135
1576,Gregor Gillespie,Orthodox,170.18,180.34,155
1577,Zak Ottow,Orthodox,180.34,182.88,170
1578,Brandon Moreno,Orthodox,170.18,177.8,125
1579,Joachim Christensen,Orthodox,190.5,193.04,205
1580,Ketlen Vieira,Orthodox,172.72,172.72,135
1581,Marc Diakiese,Orthodox,177.8,185.42,155
1582,Martin Bravo,Southpaw,172.72,180.34,145
1583,Alexa Grasso,Orthodox,165.1,167.64,115
1584,Marcin Held,Orthodox,175.26,180.34,155
1585,Claudio Puelles,Southpaw,180.34,182.88,155
1586,Brett Johns,Orthodox,170.18,180.34,135
1587,Charlie Ward,Orthodox,180.34,185.42,170
1588,Gadzhimurad Antigulov,Orthodox,180.34,177.8,205
1589,Darren Stewart,Orthodox,182.88,187.96,185
1590,Alexander Volkov,Orthodox,200.66,203.2,250
1591,Jack Marshman,Orthodox,182.88,185.42,185
1592,Mark Godbeer,Orthodox,193.04,195.58,240
1593,Kwan Ho Kwak,Switch,165.1,177.8,135
1594,Abdul Razak Alhassan,Orthodox,177.8,185.42,170
1595,Alexander Volkanovski,Orthodox,167.64,180.34,145
1596,Tyson Pedro,Orthodox,190.5,200.66,205
1597,Jenel Lausa,Orthodox,165.1,172.72,125
1598,Matt Schnell,Orthodox,172.72,177.8,135
1599,Jamie Moyle,Orthodox,154.94,165.1,115
1600,Saparbeg Safarov,Orthodox,185.42,198.12,205
1601,Ashley Yoder,Southpaw,170.18,175.26,115
1602,Brian Camozzi,Orthodox,187.96,198.12,170
1603,Gerald Meerschaert,Southpaw,185.42,195.58,185
1604,Shane Burgos,Orthodox,180.34,190.5,145
1605,Ryan Janes,Orthodox,190.5,193.04,185
1606,JJ Aldrich,Southpaw,165.1,170.18,125
1607,Emil Meek,Switch,180.34,187.96,170
1608,Viviane Pereira,Orthodox,154.94,160.02,115
1609,Paul Craig,Orthodox,190.5,193.04,205
1610,Irene Aldana,Orthodox,175.26,172.72,135
1611,Niko Price,Orthodox,182.88,193.04,170
1612,Devin Powell,Orthodox,182.88,185.42,155
1613,Drakkar Klose,Orthodox,175.26,177.8,155
1614,Bobby Nash,Orthodox,182.88,187.96,170
1615,Alexandre Pantoja,Orthodox,165.1,170.18,125
1616,Jordan Johnson,Orthodox,187.96,200.66,205
1617,Jeremy Kimball,Switch,182.88,182.88,205
1618,Eric Shelton,Orthodox,167.64,172.72,125
1619,Ricardo Ramos,Orthodox,175.26,182.88,135
1620,Volkan Oezdemir,Orthodox,187.96,190.5,205
1621,Marcel Fortuna,Orthodox,185.42,187.96,205
1622,Aiemann Zahabi,Orthodox,172.72,172.72,135
1623,Gavin Tucker,Southpaw,167.64,167.64,145
1624,Gina Mazany,Southpaw,167.64,172.72,135
1625,Cynthia Calvillo,Orthodox,162.56,162.56,115
1626,Daniel Spitz,Orthodox,200.66,208.28,245
1627,Andre Soukhamthath,Orthodox,175.26,177.8,135
1628,Davi Ramos,Orthodox,167.64,177.8,155
1629,Paulo Costa,,185.42,182.88,185
1630,Lucie Pudilova,Orthodox,172.72,170.18,125
1631,Pearl Gonzalez,Orthodox,162.56,172.72,115
1632,Desmond Green,Southpaw,177.8,185.42,155
1633,Magomed Bibulatov,Orthodox,165.1,165.1,125
1634,Tom Duquesnoy,Orthodox,170.18,172.72,135
1635,Cindy Dandois,Orthodox,170.18,172.72,135
1636,Rashad Coulter,Orthodox,180.34,193.04,205
1637,Oliver Enkamp,Switch,182.88,195.58,170
1638,Marlon Moraes,Orthodox,167.64,170.18,135
1639,Brian Kelleher,Switch,167.64,167.64,135
1640,Luke Jumeau,Orthodox,180.34,182.88,170
1641,Ashkan Mokhtarian,Southpaw,167.64,170.18,125
1642,Chanmi Jeon,Orthodox,165.1,170.18,115
1643,Naoki Inoue,Orthodox,175.26,180.34,125
1644,Ji Yeon Kim,Orthodox,170.18,182.88,125
1645,Rolando Dy,Orthodox,172.72,175.26,145
1646,Carls John De Tomas,Southpaw,165.1,180.34,125
1647,Jared Gordon,Orthodox,175.26,172.72,155
1648,Michel Quinones,Orthodox,177.8,185.42,155
1649,Justin Gaethje,Orthodox,180.34,177.8,155
1650,Nick Roehrick,Orthodox,187.96,190.5,205
1651,Tom Gallicchio,Southpaw,177.8,185.42,170
1652,Cody Stamann,Orthodox,167.64,162.56,135
1653,Trevin Giles,Orthodox,182.88,187.96,185
1654,Terrion Ware,Orthodox,172.72,180.34,135
1655,James Bochnovic,Orthodox,193.04,205.74,205
1656,James Mulheron,Orthodox,177.8,185.42,243
1657,Danny Henry,Orthodox,182.88,185.42,145
1658,Justin Willis,Southpaw,185.42,198.12,264
1659,Galore Bofando,Switch,180.34,182.88,170
1660,Daniel Teymur,Orthodox,165.1,175.26,145
1661,Amanda Lemos,Southpaw,162.56,165.1,135
1662,Eryk Anders,Southpaw,185.42,190.5,185
1663,Junior Albini,Orthodox,190.5,187.96,264
1664,Tonya Evinger,Orthodox,170.18,177.8,135
1665,Calvin Kattar,Orthodox,180.34,182.88,145
1666,Jarred Brooks,Switch,160.02,157.48,125
1667,Joseph Morales,Switch,167.64,175.26,125
1668,Humberto Bandenay,Southpaw,180.34,,145
1669,Roberto Sanchez,Orthodox,167.64,167.64,125
1670,Mike Santiago,Orthodox,177.8,175.26,145
1671,Rob Wilkinson,Orthodox,190.5,203.2,185
1672,Talita Bernardo,Orthodox,162.56,172.72,135
1673,Mads Burnell,Orthodox,172.72,175.26,145
1674,Aleksandar Rakic,Orthodox,193.04,198.12,205
1675,Zabit Magomedsharipov,Orthodox,185.42,185.42,145
1676,Abdul-Kerim Edilov,Orthodox,187.96,198.12,205
1677,Arjan Bhullar,Orthodox,185.42,190.5,245
1678,Alex Reyes,Orthodox,180.34,185.42,170
1679,Zu Anyanwu,Orthodox,185.42,195.58,251
1680,Gokhan Saki,Orthodox,182.88,185.42,205
1681,Syuri Kondo,Orthodox,162.56,167.64,115
1682,Daichi Abe,Orthodox,180.34,180.34,170
1683,Mara Romero Borella,Orthodox,167.64,175.26,125
1684,Kalindra Faria,Switch,170.18,,125
1685,Poliana Botelho,Orthodox,172.72,170.18,115
1686,Oskar Piechota,Southpaw,182.88,193.04,185
1687,Salim Touahri,Orthodox,177.8,182.88,170
1688,Jodie Esquibel,Orthodox,154.94,162.56,115
1689,Nasrat Haqparast,Southpaw,177.8,182.88,155
1690,Ramazan Emeev,Southpaw,177.8,193.04,170
1691,Aspen Ladd,Orthodox,167.64,167.64,135
1692,Deiveson Figueiredo,Orthodox,165.1,172.72,125
1693,Marcelo Golm,Orthodox,190.5,190.5,249
1694,Karl Roberson,Southpaw,185.42,187.96,205
1695,Jessica-Rose Clark,Orthodox,165.1,162.56,125
1696,Shane Young,Orthodox,172.72,182.88,145
1697,Tai Tuivasa,Southpaw,187.96,190.5,264
1698,Frank Camacho,Orthodox,177.8,185.42,170
1699,Nadia Kassem,Southpaw,165.1,167.64,125
1700,Adam Wieczorek,Orthodox,195.58,205.74,250
1701,Wang Guan,Orthodox,175.26,180.34,145
1702,Muslim Salikhov,Orthodox,180.34,177.8,170
1703,Song Kenan,Orthodox,182.88,180.34,170
1704,Song Yadong,Orthodox,172.72,170.18,135
1705,Wu Yanan,Orthodox,172.72,167.64,125
1706,Wuliji Buren,Orthodox,175.26,175.26,135
1707,Sheymon Moraes,Orthodox,172.72,182.88,145
1708,Yan Xiaonan,Orthodox,165.1,160.02,115
1709,Bharat Kandare,Orthodox,170.18,182.88,135
1710,Hu Yaozong,Orthodox,190.5,182.88,205
1711,Nicco Montano,Southpaw,165.1,165.1,125
1712,Sean O'Malley,Switch,180.34,182.88,135
1713,Barb Honchak,,162.56,165.1,125
1714,DeAnna Bennett,,162.56,172.72,125
1715,Christina Marks,Orthodox,170.18,175.26,125
1716,Karine Gevorgyan,,162.56,160.02,125
1717,Ariel Beck,,167.64,167.64,125
1718,Gillian Robertson,,165.1,160.02,125
1719,Melinda Fabian,,167.64,167.64,125
1720,Montana De La Rosa,,170.18,172.72,125
1721,Rachael Ostovich,Orthodox,160.02,157.48,125
1722,Shana Dobson,,167.64,175.26,125
1723,Emily Whitmire,,165.1,160.02,115
1724,Dominick Reyes,Southpaw,193.04,195.58,205
1725,Allen Crowder,Orthodox,190.5,193.04,245
1726,Markus Perez,Orthodox,185.42,185.42,185
1727,Benito Lopez,Switch,177.8,185.42,135
1728,Alex Perez,Orthodox,167.64,165.1,135
1729,Merab Dvalishvili,Orthodox,167.64,172.72,135
1730,Julian Marquez,Orthodox,187.96,190.5,185
1731,Michal Oleksiejczuk,Southpaw,182.88,187.96,205
1732,Mark De La Rosa,Orthodox,167.64,165.1,135
1733,Matt Frevola,Orthodox,175.26,180.34,155
1734,Dan Ige,Orthodox,170.18,180.34,145
1735,Matt Bessette,Orthodox,177.8,177.8,145
1736,Brandon Davis,Orthodox,177.8,182.88,135
1737,Julio Arce,Southpaw,170.18,177.8,145
1738,Austin Arnett,Orthodox,182.88,182.88,145
1739,Cory Sandhagen,Switch,180.34,177.8,135
1740,Maia Stevenson,Orthodox,162.56,157.48,115
1741,Priscila Cachoeira,Orthodox,170.18,165.1,125
1742,Polyana Viana,Orthodox,165.1,170.18,115
1743,Israel Adesanya,Switch,193.04,203.2,185
1744,Steven Peterson,Orthodox,177.8,177.8,145
1745,Geoff Neal,Southpaw,180.34,190.5,170
1746,Curtis Millender,Orthodox,187.96,193.04,170
1747,Tim Williams,Orthodox,187.96,193.04,185
1748,Marcin Prachnio,Orthodox,190.5,187.96,205
1749,Manny Bermudez,Orthodox,177.8,180.34,135
1750,Yana Kunitskaya,Orthodox,167.64,172.72,135
1751,Mackenzie Dern,Orthodox,162.56,160.02,115
1752,Alexander Hernandez,Orthodox,175.26,182.88,155
1753,John Phillips,Southpaw,180.34,190.5,185
1754,Charles Byrd,Orthodox,177.8,185.42,185
1755,Hakeem Dawodu,Orthodox,172.72,185.42,145
1756,Magomed Ankalaev,Orthodox,190.5,190.5,205
1757,Dmitry Sosnovskiy,Orthodox,190.5,195.58,240
1758,Mike Rodriguez,Southpaw,193.04,208.28,205
1759,Ricky Rainey,Switch,185.42,195.58,170
1760,Dan Moret,Southpaw,182.88,185.42,155
1761,Lauren Mueller,Orthodox,165.1,170.18,125
1762,Ricky Simon,Orthodox,167.64,175.26,135
1763,Andrea Lee,Orthodox,167.64,175.26,125
1764,Craig White,Orthodox,187.96,193.04,170
1765,Carlo Pedersoli,Southpaw,180.34,190.5,170
1766,Molly McCann,Orthodox,162.56,157.48,125
1767,Sijara Eubanks,,162.56,170.18,135
1768,Chance Rencountre,Southpaw,187.96,190.5,170
1769,Nathaniel Wood,Orthodox,167.64,175.26,135
1770,Jose Torres,Orthodox,162.56,165.1,125
1771,Megan Anderson,Orthodox,182.88,182.88,145
1772,Petr Yan,Switch,170.18,170.18,135
1773,Hector Aldana,Orthodox,180.34,182.88,170
1774,Michael Trizano,Orthodox,180.34,180.34,155
1775,Jay Cucciniello,Orthodox,170.18,,155
1776,Luis Pena,Southpaw,190.5,190.5,155
1777,John Gunther,Orthodox,175.26,182.88,155
1778,Tyler Diamond,Orthodox,170.18,175.26,145
1779,Joe Giannetti,Southpaw,182.88,187.96,155
1780,Brad Katona,Orthodox,167.64,162.56,135
1781,Richie Smullen,Orthodox,175.26,172.72,155
1782,Allan Zuniga,Orthodox,170.18,177.8,155
1783,Bryce Mitchell,Southpaw,177.8,,145
1784,Blagoy Ivanov,Southpaw,180.34,185.42,250
1785,Said Nurmagomedov,Orthodox,172.72,177.8,135
1786,Raoni Barcelos,Orthodox,170.18,170.18,135
1787,Jennifer Maia,Orthodox,162.56,162.56,125
1788,Elias Garcia,Southpaw,165.1,170.18,125
1789,Khalid Taha,Orthodox,165.1,175.26,135
1790,Abu Azaitar,Orthodox,175.26,193.04,185
1791,David Zawada,Orthodox,182.88,190.5,170
1792,Nad Narimani,Orthodox,172.72,177.8,145
1793,Darko Stosic,Orthodox,182.88,193.04,205
1794,Liu Pingyuan,Orthodox,167.64,182.88,135
1795,Matt Sayles,Orthodox,170.18,172.72,145
1796,Kevin Holland,Orthodox,190.5,205.74,185
1797,Montel Jackson,Southpaw,177.8,190.5,135
1798,Weili Zhang,Switch,162.56,,115
1799,Aleksei Kunchenko,Orthodox,172.72,177.8,170
1800,Khalid Murtazaliev,Orthodox,182.88,193.04,185
1801,Adam Yandiev,Orthodox,175.26,187.96,185
1802,Jin Soo Son,Orthodox,167.64,175.26,135
1803,Stefan Sekulic,Southpaw,182.88,190.5,170
1804,Augusto Sakai,Orthodox,190.5,195.58,265
1805,Mayra Bueno Silva,Orthodox,167.64,,135
1806,Livinha Souza,Orthodox,165.1,160.02,115
1807,Andre Ewell,Southpaw,172.72,190.5,135
1808,Marina Rodriguez,Orthodox,167.64,165.1,115
1809,Ryan Spann,Orthodox,195.58,200.66,205
1810,Luigi Vendramini,Orthodox,172.72,,170
1811,Jalin Turner,Southpaw,190.5,195.58,155
1812,Te Edwards,Orthodox,172.72,182.88,155
1813,Jonathan Martinez,Southpaw,172.72,177.8,135
1814,Chris Fishgold,Orthodox,172.72,172.72,145
1815,Don Madge,Southpaw,182.88,182.88,155
1816,Maycee Barber,Switch,165.1,165.1,125
1817,Devonte Smith,Orthodox,175.26,193.04,155
1818,Thiago Moises,Orthodox,175.26,177.8,155
1819,Hannah Cifers,Orthodox,154.94,160.02,115
1820,Bobby Moffett,Orthodox,177.8,187.96,145
1821,Laureano Staropoli,Orthodox,185.42,180.34,170
1822,Johnny Walker,Orthodox,195.58,208.28,205
1823,Ian Heinisch,Orthodox,180.34,182.88,185
1824,Jesus Pinedo,,177.8,,155
1825,Anderson Dos Santos,Orthodox,165.1,177.8,135
1826,Su Mudaerji,Southpaw,172.72,182.88,135
1827,Sergei Pavlovich,Southpaw,190.5,213.36,257
1828,Vince Morales,Orthodox,170.18,177.8,135
1829,Martin Day,Orthodox,177.8,185.42,135
1830,Juan Espino,,193.04,208.28,250
1831,Pannie Kianzad,,170.18,172.72,145
1832,Maurice Greene,,200.66,208.28,258
1833,Julija Stoliarenko,,170.18,167.64,145
1834,Roosevelt Roberts,Orthodox,187.96,185.42,155
1835,Justin Frazier,Southpaw,182.88,190.5,265
1836,Macy Chiasson,,180.34,182.88,135
1837,Edmen Shahbazyan,Orthodox,187.96,,185
1838,Antonina Shevchenko,Southpaw,172.72,170.18,125
1839,Kevin Aguilar,Orthodox,170.18,185.42,145
1840,Michel Batista,,190.5,,260
1841,Leah Letson,,170.18,180.34,145
1842,Chris Gutierrez,Orthodox,175.26,175.26,135
1843,Suman Mokhtarian,Orthodox,177.8,170.18,145
1844,Jimmy Crute,Orthodox,187.96,187.96,205
1845,Alex Gorgees,Switch,187.96,187.96,155
1846,Sodiq Yusuff,Orthodox,175.26,180.34,145
1847,Kai Kara-France,Orthodox,165.1,175.26,125
1848,Damir Ismagulov,Orthodox,177.8,,155
1849,Kyle Nelson,Switch,180.34,180.34,155
1850,Dwight Grant,Switch,185.42,193.04,170
1851,Jordan Griffin,Southpaw,177.8,182.88,145
1852,Juan Adams,Orthodox,195.58,203.2,265
1853,Bevon Lewis,Orthodox,190.5,200.66,185
1854,Greg Hardy,Orthodox,195.58,203.2,265
1855,Alonzo Menifield,Orthodox,182.88,193.04,205
1856,Kyle Stewart,Orthodox,187.96,193.04,170
1857,Ariane Lipski,Orthodox,160.02,170.18,125
1858,Vinicius Moreira,Orthodox,193.04,,185
1859,Mario Bautista,Switch,175.26,182.88,135
1860,Geraldo de Freitas,Orthodox,175.26,182.88,135
1861,Sarah Frota,Southpaw,167.64,175.26,115
1862,Anthony Hernandez,Orthodox,182.88,190.5,185
1863,Taila Santos,Orthodox,165.1,172.72,125
1864,Jairzinho Rozenstruik,Orthodox,193.04,198.12,242
1865,Felipe Colares,Orthodox,175.26,175.26,135
1866,Rogerio Bontorin,Orthodox,167.64,170.18,125
1867,Callan Potter,Orthodox,182.88,182.88,155
1868,Marcos Mariano,Switch,185.42,,155
1869,Raulian Paiva,Orthodox,172.72,175.26,125
1870,Kron Gracie,Southpaw,175.26,177.8,145
1871,Klidson Abreu,Orthodox,182.88,187.96,235
1872,Ismail Naurdiev,Orthodox,177.8,187.96,170
1873,Joel Alvarez,Orthodox,190.5,195.58,155
1874,Ben Askren,Orthodox,180.34,185.42,170
1875,Grant Dawson,Switch,177.8,182.88,145
1876,Jeff Hughes,Orthodox,187.96,198.12,250
1877,Nicolae Negumereanu,Orthodox,182.88,198.12,205
1878,Mike Grundy,Orthodox,170.18,182.88,145
1879,Ryan MacDonald,Switch,180.34,180.34,135
1880,Jordan Espinosa,Orthodox,167.64,180.34,125
1881,Kennedy Nzechukwu,,,,
1882,Sabina Mazo,Orthodox,170.18,177.8,125
1883,Casey Kenney,Southpaw,170.18,172.72,135
1884,Boston Salmon,Southpaw,175.26,175.26,135
1885,Zelim Imadaev,Orthodox,182.88,193.04,170
1886,Randy Costa,Switch,175.26,185.42,135
1887,Movsar Evloev,Orthodox,170.18,182.88,145
1888,Arman Tsarukyan,Orthodox,170.18,182.88,155
1889,Alen Amedovski,Orthodox,177.8,187.96,185
1890,Seungwoo Choi,Orthodox,182.88,187.96,145
1891,Alex Da Silva,Orthodox,172.72,185.42,155
1892,Rafael Fiziev,Switch,172.72,180.34,155
1893,Thomas Gifford,Orthodox,185.42,190.5,155
1894,Takashi Sato,Southpaw,177.8,185.42,170
1895,Virna Jandiroba,Orthodox,160.02,162.56,115
1896,Mike Davis,Orthodox,182.88,182.88,155
1897,Marc-Andre Barriault,Orthodox,185.42,187.96,185
1898,Serghei Spivac,Orthodox,190.5,198.12,260
1899,Kyle Prepolec,Southpaw,177.8,177.8,170
1900,Cole Smith,Orthodox,180.34,170.18,135
1901,Luana Carolina,Orthodox,167.64,175.26,125
1902,Carlos Huachin,Southpaw,162.56,170.18,135
1903,Viviane Araujo,Orthodox,162.56,172.72,135
1904,Felicia Spencer,Orthodox,167.64,172.72,145
1905,Derrick Krantz,Orthodox,177.8,182.88,170
1906,Austin Hubbard,Orthodox,177.8,180.34,155
1907,Charles Jourdain,Switch,175.26,175.26,155
1908,Michel Pereira,Orthodox,185.42,185.42,170
1909,Rostem Akman,Switch,177.8,182.88,170
1910,Bea Malecki,Orthodox,175.26,187.96,135
1911,Sung Bin Jo,Orthodox,182.88,182.88,145
1912,Sergey Khandozhko,Orthodox,185.42,187.96,170
1913,Duda Santana,Orthodox,170.18,185.42,145
1914,Danilo Belluardo,Southpaw,182.88,187.96,155
1915,Grigorii Popov,Switch,170.18,172.72,135
